first_name,last_name,email,phone
Kristen,Munoz,campbellcharles@example.com,001-782-280-3153x86842
Tracey,Riley,austin95@example.net,001-292-459-3323x773
Kenneth,West,elizabeth63@example.net,+1-909-769-9435
Tammy,Thomas,catherine09@example.com,001-329-211-1222
Megan,Francis,warddavid@example.org,001-627-977-0853x99722
Glenn,Kim,veronicaglover@example.com,+1-829-577-7766
Patricia,Powell,jason48@example.org,312.525.9580x1586
Tiffany,Atkins,jessica40@example.org,001-400-592-4663x0463
Joshua,White,opalmer@example.org,605.660.7370
Robert,Clark,hernandezmatthew@example.org,(273)871-8786x234
Jimmy,Sanchez,jorgeroberts@example.com,271-785-1018x380
Bobby,Flores,ojohnson@example.com,(476)957-4082
Joseph,Robinson,kellybrent@example.com,588.438.8488x1078
Wendy,Griffith,nrobinson@example.com,8722222937
Lindsey,Campbell,stephanie46@example.net,001-836-649-0548x2010
Mary,Hart,ljohnson@example.net,+1-973-586-1584
Michael,Burton,fhuynh@example.com,001-912-773-6986x67479
Ryan,Zamora,william45@example.org,898.443.4635
Mike,Johnson,alyssa95@example.org,348.793.9471
Dylan,Gomez,danielpotter@example.com,425-609-2487
Jeffrey,Donovan,anne88@example.net,5987844627
Megan,White,linnicholas@example.org,519-533-9628x375
Allison,Martinez,oadams@example.net,001-391-939-7662x637
Benjamin,Miller,johnsmith@example.org,+1-898-363-5494x8910
Aaron,Rivera,timwood@example.com,+1-867-910-4985
Victoria,Conway,ywarren@example.org,001-549-808-4728x494
Tyler,Richardson,pturner@example.org,9632830797
Julie,Lewis,cbentley@example.com,+1-472-687-4542x7538
Ann,Jimenez,pfarmer@example.org,+1-447-424-3748
Michael,Ward,edwinreed@example.net,+1-410-854-0074x57898
Matthew,Brown,crawfordrichard@example.net,(348)479-6557x84268
Nancy,Hill,alexmartinez@example.org,465.614.2472
Derek,Thompson,yholmes@example.com,781-231-9237x0900
Jonathan,Mack,dale92@example.net,+1-769-942-8601
Denise,Ellis,reedtheresa@example.org,(878)782-2833x7470
Christine,Patterson,jane90@example.com,909-808-9714
Tammie,Valencia,cartermatthew@example.org,(242)644-3013
Anthony,Mcconnell,xbradley@example.org,663.917.2378x38604
Barbara,Williams,xgordon@example.org,(340)388-0778x9205
Peggy,Davis,antoniosmith@example.com,001-440-985-7376x21620
David,Cole,fisherrobert@example.org,343.481.5105
William,Parker,smarquez@example.net,930.900.4692x597
Justin,Mendez,mrobinson@example.org,(899)994-6608x4204
Whitney,Graham,alisonbrewer@example.net,(268)817-2513x0290
Charles,Hernandez,castrojonathan@example.com,+1-822-588-5296x7371
Leah,Palmer,dana89@example.net,(328)468-5879x518
Adam,Duarte,gcox@example.com,+1-582-285-8349
Kimberly,Burnett,monicataylor@example.com,+1-467-744-9546x97331
Megan,Blevins,crystal23@example.com,493-923-1067x70703
Nancy,Sanchez,tjones@example.com,+1-523-705-8834x08586
Derek,Hunt,juliegutierrez@example.net,001-635-961-7434x866
William,Ryan,vhill@example.org,4315657098
James,Miller,jaime65@example.com,643-691-1141x89937
Matthew,Mata,knappcameron@example.net,(855)616-2799
Joshua,Tran,chensley@example.com,+1-621-658-8840x565
John,Underwood,jenkinslauren@example.com,8914995055
Meagan,Estrada,ericwiley@example.net,001-422-398-9931x4402
Jeffrey,Lopez,claytonshawn@example.org,934.970.2483x5833
Alexander,Davis,zdavidson@example.org,386.268.5664
Jodi,Hodges,miranda04@example.org,413.648.9169
Melissa,Davis,navarroalexandra@example.org,(407)652-3776
Thomas,Ramsey,zhurley@example.net,(873)773-5522
Toni,Gomez,williamsjason@example.net,9512814821
Kelly,Koch,angela50@example.net,001-777-513-1943
Michael,Pratt,erika97@example.net,+1-312-490-6443
Joshua,Lee,tfuller@example.org,297.966.5493
James,Lawson,grahamwayne@example.org,(640)650-9921
Tiffany,Weber,juliejones@example.org,001-373-290-6736x32119
Rhonda,Phillips,lisa29@example.com,736-263-0595x78198
Rebecca,Thomas,hcarey@example.com,+1-271-736-3925x797
Aaron,Medina,kelly07@example.net,625-935-6382x679
Curtis,Bautista,bellseth@example.org,001-566-409-9583x82514
Travis,Hall,myerscatherine@example.com,960-951-9772x601
Brittany,Rivera,susanharris@example.org,291.639.5040x58834
Yvonne,Monroe,williamserica@example.com,+1-714-748-2622x66117
Crystal,Donovan,michaeldiane@example.net,587.881.1564
Courtney,Johnson,tarellano@example.net,(556)636-9655
Christopher,Williams,paula89@example.org,(912)654-3013x84467
Scott,Hopkins,agutierrez@example.net,+1-507-654-6067x089
Holly,Reed,james36@example.net,787.664.9860
William,Hughes,tiffany48@example.net,(744)466-0580x4208
Jennifer,Rangel,tracyweaver@example.org,725-634-9513x5130
Dorothy,Russo,aday@example.org,(872)534-8646x53320
Amanda,Henderson,landryandrea@example.org,(363)707-3791x040
Adam,Sampson,crystalsmith@example.net,(748)995-8007x0304
Lisa,Allison,ywoodward@example.com,+1-316-430-0167x112
James,Brown,thomasduncan@example.com,+1-792-567-6287x903
Derek,Smith,sarahwatson@example.org,567.571.0062
Haley,Henry,mathew22@example.org,951.862.4881
Patricia,Jordan,brookewiggins@example.com,001-492-431-1412x1509
Brittany,Benton,dakotajones@example.org,983.694.2601
Christian,Mckenzie,hparker@example.net,2232158804
Natasha,Evans,stacymarshall@example.net,+1-776-680-3956x775
Robert,Vasquez,kimberly48@example.com,(238)306-6077
Nicholas,Higgins,marshalljane@example.net,001-222-945-8735
Russell,Chaney,bmyers@example.net,251.593.1707
Lindsay,Snyder,squinn@example.org,001-842-693-1772
Deanna,Petersen,ogentry@example.org,001-323-471-8632x479
Charles,Brown,aprillong@example.com,895-662-4470x244
Kerri,Perez,oscarhinton@example.org,(558)641-1019x81618
Luis,Hernandez,smithnichole@example.net,001-683-874-7994x4238
Mark,Conley,upaul@example.org,417.549.1077x0518
Christopher,Johnson,paul25@example.com,001-906-872-7998
Karina,Lopez,melissa28@example.net,001-931-678-1272x969
Edward,Silva,thomashogan@example.com,649.398.9877
Gregory,Sullivan,carolrice@example.com,505.356.4698x3792
Kenneth,Lloyd,marilyn70@example.org,363-424-6377
Michelle,Levine,dclark@example.net,(252)661-0567x985
Kimberly,Adkins,priscilla00@example.com,343-275-4671x3563
Alejandro,Banks,fryefrancisco@example.net,869-754-9236
Philip,Crawford,woodwardkatie@example.com,001-395-831-5086x268
Melissa,Rogers,jacob26@example.net,318.447.3803x36863
Lauren,Ramos,briannacontreras@example.com,365-858-7616
Joseph,Hernandez,hollyarmstrong@example.com,(436)723-6760x78900
Carrie,Robinson,myersmichael@example.net,334.864.0977x0874
Caroline,Williams,brownmichele@example.org,(213)584-4599x03876
Roy,Sanchez,hickskelly@example.net,(310)437-0786x43865
Scott,Pham,ramirezwilliam@example.com,001-243-412-5776x291
Stephanie,Miller,allensamantha@example.net,367.662.0275
Mackenzie,Clements,mbaxter@example.org,+1-513-226-1557x2196
Jennifer,Dean,sandramatthews@example.org,9728780764
Rebecca,Bailey,mwalker@example.org,(909)231-5196x726
Jennifer,Jefferson,mary08@example.net,4882659588
Melissa,Marshall,sharonward@example.org,001-684-933-9499x4471
Crystal,Rodriguez,jontaylor@example.com,6744131072
Kevin,Williams,rbenson@example.com,515-326-9876x21889
Elizabeth,Weber,jenniferwiley@example.com,001-421-470-7757x1248
Stephen,Bryant,juanscott@example.org,001-732-896-9975x8268
Danielle,Ford,felliott@example.com,+1-391-587-3807x682
Brittany,Wolf,matthewmcdonald@example.org,(408)890-8763x5065
Lori,Brown,jenniferramirez@example.net,8995014129
Betty,Smith,blakejennifer@example.com,812.847.3818x1055
Nicholas,Richardson,monica65@example.org,+1-282-382-0417x9968
Chelsea,Soto,jrobbins@example.com,811.669.2440
Shawn,Gonzalez,sabrinawilson@example.com,001-966-833-3043x72631
Anne,Leach,kim68@example.net,+1-795-279-9874x2928
Bruce,Blake,kimberlystewart@example.com,396.239.8522
Nancy,Daniel,amandaturner@example.net,001-460-793-3338
Jenna,Fox,qmitchell@example.org,001-991-409-0784x81520
David,Roberts,jcrawford@example.com,547.691.9748
Donald,Clark,vvasquez@example.com,886.694.2040x84675
William,Tucker,ugordon@example.net,6678047197
Michael,Cobb,moorejoshua@example.net,672-891-0506
Patrick,Peck,whicks@example.net,+1-275-779-6442x9520
Matthew,Decker,dianamorris@example.net,(381)794-2588x6204
Stephen,Cameron,smartinez@example.org,5475704538
William,Griffin,ismith@example.com,+1-886-428-2402x154
Lisa,Mckenzie,david12@example.net,+1-832-220-7228x55364
Patrick,Frank,davidwoodward@example.com,399.754.8941
Christina,Tucker,qhill@example.net,(838)811-9906x113
Craig,White,cannoncharles@example.com,(502)888-7327x547
Veronica,Walker,russell70@example.org,939-431-4423
Seth,Summers,sara90@example.net,273-956-7004
Jessica,Williams,stucker@example.org,001-295-241-2981x710
Steven,Santiago,michael50@example.net,386.319.7548x8091
Samuel,Bentley,vgarcia@example.net,+1-722-217-7496
Jeremy,Morris,jerry22@example.org,001-396-294-7650x160
Rebecca,Gonzalez,donaldreed@example.com,(271)858-4635x921
Jonathan,Hebert,paul87@example.com,001-662-432-1533x1118
Connie,Sherman,sarahsmith@example.org,(584)798-9394x8017
Jesus,Sanchez,dmorris@example.net,001-975-699-8363x1692
Christian,Williams,ndouglas@example.net,+1-784-763-8593x735
Rhonda,Smith,fboyd@example.net,(858)696-7022
Kevin,Alexander,qjames@example.net,(960)570-9339
Sandra,Mcmillan,deborahross@example.org,776.542.7001x8973
Hannah,Cook,pthomas@example.com,001-996-914-4148x275
Christopher,Allen,jeffrey58@example.com,(893)365-6686x113
Ashley,Fisher,stevenjefferson@example.net,+1-448-236-2835x233
Reginald,Davis,edwardshannah@example.com,(252)254-3333x5101
Mary,Johnson,iprince@example.org,607.528.7867x97481
Emily,Rhodes,ithomas@example.com,+1-468-886-4692
Karen,Hughes,ryan08@example.com,3992935665
Martin,Lawrence,fitzgeralddarren@example.org,269.836.5914
Harry,Brown,christinewright@example.net,860.207.1830x449
Robert,Taylor,michelle14@example.com,(200)656-1624x30183
Latoya,Suarez,emilyyoung@example.net,9953662878
Jeffrey,Reeves,hawkinsamber@example.com,(489)636-7700x25002
Leonard,Clark,lamstephanie@example.com,001-907-590-0816x9389
Geoffrey,Moore,robertparker@example.net,(452)566-3629x2195
Sandy,Cruz,wesleyriddle@example.org,001-856-534-9501x285
Karla,Lindsey,jackgaines@example.net,226-248-0428
Susan,Rich,marcia44@example.com,+1-492-795-7937x63187
Bryan,Washington,tiffany33@example.org,351-693-0626x86787
Lisa,Tucker,scott62@example.net,861-353-8900x94614
Corey,Mullins,oneillmindy@example.net,6414630886
Joshua,Paul,chrishart@example.net,+1-378-656-5841x699
Carrie,Hanson,lwallace@example.org,675.756.8316x420
Christopher,Smith,bobby08@example.net,001-308-272-5481x80724
Daniel,Vazquez,thomas38@example.org,+1-718-366-7290x3183
Justin,Johnson,heather23@example.org,4799985504
Michael,Jordan,hrobinson@example.net,+1-239-353-3475
James,Hoffman,robertavila@example.com,702.926.8088x7195
James,Roy,karen32@example.net,288-240-3351
Stephen,Hunter,aaron92@example.com,001-859-432-9499
Susan,Miller,flemingkristie@example.org,974-592-6143
Holly,Rios,aliangela@example.org,001-303-854-7658x556
Jeffrey,Williams,lsanchez@example.org,001-354-863-1759x176
Joel,Kemp,lrobbins@example.net,+1-832-298-9324
Tara,Castro,olivialee@example.org,8854188053
Christian,Allen,michael40@example.com,(726)543-6573
Zachary,Lara,andreastark@example.org,001-588-396-9483x08795
Michael,Delgado,lbradford@example.org,+1-653-962-8428x564
Cynthia,Odom,karaoliver@example.org,6426485011
Susan,Hodges,poncematthew@example.org,309-486-9497
Patrick,Page,tracihart@example.org,001-917-951-3866x735
Mark,Warner,douglasjackson@example.net,279.488.0077
Isaac,Dean,onelson@example.org,9884010992
Sara,Hamilton,patrickjames@example.org,+1-696-384-0706
Bethany,Roberson,davisamanda@example.net,001-262-956-8592x1801
Julie,Nguyen,connorhudson@example.net,+1-347-830-4653x55847
Anthony,Knight,nathandennis@example.org,846-504-1737
Stephanie,Ritter,hjohnson@example.com,(428)557-3262x11649
Jamie,Sanders,mary35@example.net,219-415-4683x567
Joseph,Adkins,wbuckley@example.com,001-399-567-7574
Christina,Cunningham,stacymiller@example.org,+1-607-945-1313x202
Kyle,Farmer,qsims@example.net,(356)833-0818x8239
Ann,Kerr,elizabethchang@example.net,6944334339
Cory,Oconnell,martinezdorothy@example.net,001-862-676-8441x4883
Brandon,Woods,rrodriguez@example.com,(324)776-6928
Jessica,Bradley,torresmisty@example.org,699.956.6301
Natasha,Waters,knappkimberly@example.com,747-924-7744
George,Smith,terryronald@example.net,(492)513-5807x77313
Jerry,Cordova,brownbrittany@example.net,+1-631-449-0253x8771
Matthew,Johnson,thomasmaria@example.net,(625)587-2379
Gregory,Pierce,yacosta@example.com,(635)965-9735x156
Elizabeth,Martinez,zachary66@example.net,876.395.7070x69448
Lori,Mcgrath,williampineda@example.org,699-486-9043x1033
Benjamin,Anderson,yrodriguez@example.com,(349)708-4899x675
Hailey,Kelly,kayla84@example.com,001-805-776-9666x83295
Mary,Chavez,xsmith@example.com,+1-575-980-3182
Jennifer,Rice,marcus53@example.net,641-724-5942x19211
Mary,Turner,amorales@example.com,6288435714
Bryan,Sanchez,riverstara@example.net,435-438-1635x5781
Regina,Barker,debbierusso@example.com,666-278-0571x890
Alexander,Jacobs,collinsmichael@example.com,+1-256-539-6690x165
David,Robinson,larsonmark@example.org,(201)335-3733x204
Todd,Armstrong,barbara99@example.org,398.712.2416x0920
Andrew,Wheeler,zacharymeza@example.net,+1-702-844-2326
Donald,Sanchez,bianca12@example.org,+1-966-466-7427x419
Kelly,Odom,cgutierrez@example.org,392-896-6192x1811
Nancy,Richardson,daniel26@example.net,483.630.7392
Crystal,Walker,greg30@example.com,9664235239
Deborah,Choi,martinezjohnny@example.org,001-551-584-7563
Todd,Russell,johnnypennington@example.com,526.613.5083x55394
Ryan,Bass,jay44@example.com,(780)535-7683x28126
Kenneth,Riggs,hillashley@example.net,(778)369-3634
Laura,Hebert,icunningham@example.org,(647)584-6273
Kenneth,Jacobs,erinflynn@example.net,+1-503-852-6177x18580
Beth,Griffin,miguel77@example.com,980-638-4635x2520
Ashley,Hall,dthornton@example.org,001-959-998-8528x5880
Kristina,Torres,zhodge@example.org,(665)289-4611x24412
Allen,Vaughn,stevensonamy@example.org,414-876-8109x030
Jillian,Brown,vickiezimmerman@example.net,001-816-428-7261
Rachel,Woodward,jeffrey26@example.org,641-323-9013x3867
Jessica,Stanley,ohumphrey@example.org,(376)377-2457
Benjamin,Jones,david90@example.net,265.263.0383x2379
Megan,Taylor,jonesangel@example.org,398-619-0823
Todd,Harris,haydencynthia@example.com,394.472.0899x70236
Charles,Ho,pageeric@example.org,+1-446-293-8653
Melanie,Kelley,santiagochristopher@example.org,240-944-5562
Elizabeth,Newman,gabrieltaylor@example.com,7714333212
Elizabeth,Rios,april93@example.net,(205)541-2056x0446
Joel,Cross,douglashernandez@example.com,(695)776-5149x022
Rebecca,Church,lbarron@example.org,+1-396-768-4513x07388
Kim,Allen,tracyhoward@example.com,245.965.2505
Jack,Rocha,marvincabrera@example.com,+1-310-201-9875
Anthony,Frank,rmejia@example.org,445-755-5229
Joseph,Garcia,dennisdavis@example.net,451-480-8714x91950
Todd,Robles,randy86@example.com,+1-386-823-7286
Renee,Knight,ligloria@example.com,(219)633-7952x75656
Marissa,Turner,eweaver@example.com,600-489-8672x3654
Lee,Nelson,banksstephanie@example.com,(915)325-9104x517
Carol,Gibson,htownsend@example.com,+1-345-403-7394
Morgan,Lopez,crystalbutler@example.org,+1-365-625-2435x928
Mark,Taylor,watsonchristopher@example.org,409-331-3475
Erica,Phillips,karlafarrell@example.com,621.307.3311x9808
Joseph,Rivera,uhamilton@example.net,536.250.2810x647
Linda,Roman,rojassara@example.org,(343)849-3770x6647
Cindy,Conrad,bentonmaxwell@example.org,540.837.2508x9929
James,Solis,amandapatel@example.com,(577)793-4166x11199
Christopher,Adams,mary90@example.com,+1-752-721-9081x8781
James,Butler,valerie09@example.com,+1-641-435-6963x8793
Kyle,Obrien,ericrivers@example.com,001-294-982-3612x37810
Jesus,Reyes,ralph98@example.org,(931)623-5603x855
Patricia,Gutierrez,toddlee@example.com,803-238-6819x252
Melanie,Douglas,stephenfuller@example.com,8475942329
Paige,Taylor,lori57@example.org,737.612.2513x9541
Frances,Baker,amanda49@example.com,395.329.0931x7215
Cheryl,Herrera,iadams@example.net,+1-411-327-3118x118
Lisa,Lopez,uturner@example.com,858.242.0774x165
Hunter,Buck,rmiller@example.net,001-788-617-0036x3675
Justin,Fry,ghill@example.org,+1-443-446-1393x5346
Judy,Jones,garciaross@example.org,001-214-485-9918x162
Wayne,Woodard,melanie37@example.net,+1-916-377-9414
Nathan,Bowen,hillnancy@example.com,3859145548
Lindsey,Bautista,michaelrodriguez@example.com,+1-743-293-6869x717
Anne,Watson,johnquinn@example.net,(964)674-5225
Jeremy,Guerrero,martinclements@example.com,+1-478-466-9585x5436
Heather,Kelly,xtorres@example.com,001-420-432-3441x91741
Seth,Callahan,zachary20@example.com,391.545.8471x75241
William,Nguyen,wilsonsteven@example.net,415-393-6401x47500
Ana,Shaffer,palmerdiane@example.net,579.969.2665
Monica,Gardner,jamie09@example.net,881.263.8485
Anthony,Shepherd,sonya67@example.org,534-214-1883x8447
Molly,Sheppard,smithwilliam@example.net,+1-818-411-8231x80321
Tammy,Allen,marcus51@example.org,+1-823-901-5311
James,Porter,hamiltonnicholas@example.com,(511)429-4009x7025
Katie,Harris,hjohnson@example.com,+1-962-483-0800x92315
James,Alexander,davidhamilton@example.org,897.657.8624x5785
Mitchell,Evans,pjohnson@example.org,686.846.3551x3303
Stephanie,Miller,henryallison@example.net,+1-637-674-3491x41835
Andrew,Bush,valdezlori@example.org,775.675.2116
Kelly,Wu,jacobadams@example.com,478-327-0743
Robert,Wilkinson,elliottjeffrey@example.net,+1-834-406-7754x8133
Erica,Scott,mwood@example.org,(637)619-1710x37613
Joshua,Rodriguez,adam54@example.net,(540)319-9165x0058
Daniel,Bradford,ojohnson@example.org,450-967-3135x682
Joseph,Caldwell,david38@example.org,+1-765-823-9684x53774
Mark,Moyer,andersonmary@example.org,950.995.9992
Stephanie,Jones,jarmstrong@example.org,955.240.2959x01937
Steven,Henry,debrajohnson@example.com,+1-452-463-1282x299
Timothy,Woods,cabrerahenry@example.net,846.465.5752x2878
Michele,Jones,brandonnunez@example.net,(690)448-3833
Antonio,Clark,washingtonamy@example.org,+1-862-830-8605x100
Samuel,Johnson,matthewwalsh@example.net,+1-979-752-4548x743
Kristy,Wright,alexander95@example.net,(457)279-6846x6093
Carol,Ferguson,dawn22@example.com,+1-247-695-0098x9132
Deborah,Gardner,qjennings@example.com,(722)537-4797
Gary,Jensen,judithcastillo@example.com,222.724.6998
Tammy,Brown,jessicashelton@example.org,6527380523
Steven,Nguyen,galvanalejandra@example.org,001-804-483-0754x40480
Ryan,Anderson,lmcdonald@example.com,626.215.0840x079
Tanya,Harrison,wrodriguez@example.org,(659)884-0254x483
Kevin,King,berryjoshua@example.com,(678)895-0762x100
Erica,Payne,janice36@example.org,516-381-1473
Rebecca,Campbell,cbell@example.net,001-262-577-6806x0217
Lisa,King,jonestiffany@example.com,6572228778
Joel,Scott,samuel15@example.com,+1-296-804-9352x437
Linda,Martinez,saundersjacob@example.net,001-554-598-1274x750
Scott,Hansen,harrisjasmin@example.org,(230)571-7430x862
Steven,Campos,spitts@example.com,(851)581-7567x7195
Stephen,Martinez,rmckay@example.com,590-394-6271x948
Gregory,Hoffman,freyjoseph@example.net,001-715-772-5617x70258
Joseph,Ayala,njohnson@example.com,(891)884-0748x006
Angela,Sexton,camposshari@example.net,443-745-0102x81431
Rhonda,Chapman,suareznicholas@example.org,499.636.7341x97024
Kyle,Carey,monicameyers@example.com,(812)378-0800x807
Jesse,Hinton,lisapacheco@example.org,409.820.4995x856
Gina,Moody,martinezthomas@example.org,387-486-3510
David,Foster,thompsontyler@example.net,001-852-513-7037x290
Christina,Diaz,gregory89@example.org,+1-295-260-5192
Jessica,Guzman,klawrence@example.net,001-904-448-4029
Dylan,Benton,danielwinters@example.com,(984)915-5072
Harry,Peterson,jean16@example.net,+1-244-552-9886x79558
Michael,Peterson,fmunoz@example.net,201.849.9652x422
Kevin,Perez,rebecca51@example.org,825-211-5118
Cory,Mccoy,martinlynn@example.net,709-949-7137x50405
Matthew,Spears,noah86@example.net,001-752-278-4986x633
Robert,Carpenter,xyates@example.com,+1-416-691-4689x16257
Alisha,Roberson,zanderson@example.net,(238)776-7787
Angela,Brown,amayer@example.com,+1-757-947-9124x15900
Glenn,Solis,bakertheresa@example.com,763-401-2376x39912
Scott,King,brittany98@example.org,633.648.1505x94427
Joy,Smith,michaelhaynes@example.net,(919)378-8927x5181
Nathaniel,Yang,greensandra@example.com,523-926-4347x132
Tammy,Myers,joezimmerman@example.com,602-251-4893
Keith,Miller,monica19@example.net,508.471.9622x68479
Regina,Jones,zthomas@example.net,648-499-9613x227
Jeremy,Cain,lperkins@example.org,+1-599-618-2076x011
Brandon,Crosby,rodriguezdiane@example.com,919.758.4789x694
Virginia,Long,patelseth@example.net,(384)653-7445x81566
Kim,Fields,ashley03@example.net,001-638-357-3505x11542
Zachary,Rogers,hernandezkyle@example.net,377.532.2244x82653
Marissa,Wise,rcole@example.com,422-264-3614
Christopher,Bailey,mikayla11@example.com,627.866.5064
Amber,King,mitchellbrian@example.net,577-568-2388x1095
Paula,Vega,daymichael@example.org,001-486-952-0331x781
Kenneth,Jones,hwright@example.net,001-649-636-5590
Sierra,Mccall,eatonnicole@example.net,001-575-494-9163
Jeffery,Perez,laura49@example.com,773-495-8364
Katrina,Wells,brian77@example.com,599-594-4214
Katherine,Smith,bryantamy@example.net,(372)993-8373x9702
Cameron,Graves,ctucker@example.net,+1-861-875-2975x59496
Jeremiah,Chen,fturner@example.com,001-820-929-2754x72712
Crystal,Cook,buchananandrew@example.com,001-887-309-7580x58126
Laura,Davis,kevin66@example.com,870.895.9696
Troy,Green,boydbarbara@example.org,217.644.0648x24468
Joe,Mcintyre,xwood@example.com,576-554-9142x02603
Nancy,Ward,nicole51@example.org,381.561.9629
Johnathan,Stanley,gthomas@example.com,527-938-0990x8643
Brenda,Freeman,davisjustin@example.com,390.906.0063x3102
Christopher,Gonzalez,wbuchanan@example.org,(733)369-9140
Sarah,Sanchez,habbott@example.org,674-370-3675x7124
Dana,Robinson,andersonjessica@example.com,3259978848
Paul,Frederick,drew65@example.com,6106951201
Sandra,Doyle,timothycollins@example.com,501-951-1058
Sharon,Fuller,osbornecharlotte@example.org,434-264-3233
Daniel,Gonzales,cbrown@example.net,509-727-9285x969
Ryan,Diaz,bellrobert@example.net,+1-559-826-5784
Mark,Fitzpatrick,williamsgary@example.net,692-872-9740
Rebecca,Smith,morgankatelyn@example.org,929.809.3366
Thomas,Bell,megandelgado@example.org,8178220295
Kristin,Young,ccombs@example.net,(712)551-8307x116
Michael,Chung,shannonlopez@example.net,855-988-7398
Charles,Gilbert,carrjustin@example.com,5359707420
Tammy,Brown,christy11@example.org,2338224573
Krystal,Mitchell,christopher67@example.net,+1-829-937-1846x752
Samantha,Duffy,christophercruz@example.org,434-574-8970
Mary,Landry,robertcarney@example.org,(397)629-2639x55374
Kevin,Meyer,qhurst@example.org,7662145638
Jill,Ramsey,jjenkins@example.com,753.624.6050x8787
Edward,Bryant,danielsdiana@example.com,813-827-1153x91888
Joe,Oconnor,brian81@example.net,001-536-535-6254
Carla,Castaneda,megan88@example.net,+1-473-759-4162x64077
Cathy,Zamora,rburke@example.net,+1-652-303-1887x445
Destiny,Wilson,paulsmith@example.com,434.898.6661x8141
Michael,Boyd,bateshaley@example.org,342-373-8606
Vickie,Hoover,isalinas@example.com,647-401-3165
Michael,Rosales,lawsonshawn@example.net,001-686-831-4087
Kevin,Roberts,harveyzachary@example.org,415.973.0937x90501
Joseph,Collins,greenstacy@example.com,247-833-9864x346
Jonathan,Hampton,josephreeves@example.org,204-888-2819
Mary,Howard,ariasjoshua@example.org,665-286-3264
Alisha,Allen,michael80@example.org,+1-451-843-2438
Tanner,Carson,philip25@example.org,361.456.2845x27393
Kathryn,Moore,reginald26@example.org,(834)554-7573
Gabrielle,Washington,xbowers@example.org,+1-648-710-6123x058
Jennifer,Fry,bryanjohnson@example.net,356.985.4550x834
Emily,Bautista,castilloanthony@example.net,+1-589-304-1448
John,Ellis,nicolejames@example.net,353-240-0626x6435
Hannah,Burton,lindsay37@example.com,(633)801-0532
Robert,Thornton,campbelllisa@example.com,446-943-8823
Lawrence,Carter,jenniferchase@example.net,001-452-320-4023x58841
Sandra,Ortiz,peter88@example.net,5647710770
Christopher,Brown,matthewrogers@example.net,(801)718-9418x008
William,Anderson,huffmichelle@example.org,684-544-8360x21251
Joan,Williams,fmclaughlin@example.com,(287)237-5256x96519
William,Williams,xbyrd@example.net,609-324-0237x493
Elizabeth,Conner,jennifer30@example.org,+1-856-536-8244x6185
Michael,Phelps,melissa01@example.net,(817)378-1252
Jeremy,Reeves,tmay@example.org,(382)707-8335x5125
Daniel,Grant,tranmonica@example.com,592.343.5549x26619
James,Watson,danielledavis@example.com,427.621.5796
Anna,Johnston,ygeorge@example.net,001-597-698-3599x9837
Jennifer,Wise,christine38@example.net,001-968-280-8923
Ashley,Obrien,asmith@example.net,477-413-3177
Patrick,Juarez,jonescharlotte@example.org,291-862-3104
Richard,Chambers,morriskimberly@example.com,7538602845
Jennifer,Cunningham,terrigutierrez@example.net,001-740-433-8240
Rebecca,Garcia,lindayoder@example.com,(631)430-1499
Carrie,Wood,larry22@example.org,001-698-432-8409x767
Timothy,Williams,lopezmitchell@example.org,(868)318-2010x230
Michael,Hill,hannahwelch@example.net,221.708.5211x09056
Caroline,Keller,pwilliams@example.net,439.815.3633x128
Kyle,Todd,roserachel@example.net,+1-429-610-5438
Ronald,Patton,lopezcourtney@example.com,(393)969-7908x074
Penny,Reid,janet04@example.org,995-301-9949x4176
Katherine,Flowers,chaveztyler@example.net,432-238-4555
Adrian,Butler,marycampbell@example.org,001-785-523-1650x3020
Jordan,Burke,lesliecoleman@example.net,722-258-2412x3470
Sherry,Rodriguez,lstone@example.com,001-506-472-8764x6076
Rodney,Mcneil,kathy57@example.net,(650)258-9900x1547
Roberto,Obrien,johnnylester@example.org,981-713-9496
Amanda,Howe,katrina01@example.com,525.977.5436x8753
Kristen,Gonzales,toddcook@example.org,(980)497-8162x8301
Richard,Cooper,griffinbrittany@example.net,229-387-0830x3947
Christopher,Koch,harriskristopher@example.com,922.430.1804x29053
Mark,Brown,martinkyle@example.org,8235240330
John,Clements,pattersonharold@example.com,313-238-8067
Denise,Knox,aphillips@example.org,448.592.0517x81428
Erica,Wilson,ashleyjohnson@example.com,+1-878-870-2054x93441
James,Moody,robert58@example.net,001-377-635-3551x5715
Rodney,Duarte,boyddeborah@example.com,+1-670-989-0369x8623
Cody,Bishop,patriciamcdowell@example.com,(454)456-5467
Victor,Jackson,chapmanadriana@example.com,(729)596-7634x606
Megan,Carlson,matthew14@example.net,+1-766-646-0618x6542
Chad,Sutton,mendozakatherine@example.com,819.661.4154
Margaret,Williams,jonathonchavez@example.org,6953530229
Anna,Smith,bryan64@example.com,9016249490
David,Glenn,paulwatson@example.org,(504)588-9739
Jason,Kramer,irodriguez@example.org,830.386.7582
David,Woods,thomaspatterson@example.com,001-673-697-7502
Margaret,Ramirez,luisnelson@example.net,001-523-372-0063x1474
Matthew,Garcia,nmiranda@example.com,902.683.8723
Melinda,Hall,kjimenez@example.com,001-271-863-7247x5233
Emma,Arnold,sharon55@example.com,292-378-7319x13022
Miguel,Barr,amanda27@example.org,(777)517-2502x0123
Manuel,Gordon,romerokaren@example.com,(984)743-8965
Richard,Scott,leonardjoy@example.net,001-631-741-6374
Tonya,Branch,mitchellelizabeth@example.com,963-707-0846
Lauren,Wiley,barnettmegan@example.com,001-701-996-6072x1014
Gail,Harvey,htorres@example.org,840.309.2770x9524
Brenda,Carrillo,bryan40@example.org,(776)757-1662
Mark,Young,jasonblack@example.com,984-425-0798
Patricia,Gentry,dsavage@example.com,426.250.0453x1444
Steven,Lewis,rhall@example.com,(459)687-0372
Tristan,Johnson,arivera@example.net,(341)496-5829
Kelly,Hayden,mariabowen@example.net,001-780-744-7392x632
Joshua,Walker,nhenry@example.net,8905152602
Paula,Zimmerman,john19@example.com,(860)947-1920x0079
Gerald,Moreno,michellecastillo@example.org,965-834-7967
Jeffrey,Price,carlrodriguez@example.org,001-441-633-5990
Robin,Sullivan,pamelamorgan@example.com,589.315.2478
Douglas,Harris,deniserobinson@example.com,682.693.2387x7296
Darlene,Williams,alopez@example.net,241-674-6424
Colleen,Mckinney,georgescott@example.org,7647181085
Jennifer,Hicks,stoutdaniel@example.net,7603635308
David,Kelly,johnsonteresa@example.com,(568)336-6899
James,Benjamin,cfranco@example.org,376-221-1372x751
Scott,Fernandez,wpeterson@example.org,(324)429-1429x06418
Nicole,Johnson,thompsonedward@example.org,+1-995-794-6984
Christian,White,tgonzalez@example.com,001-269-865-9120x03894
Lisa,Trevino,btorres@example.org,001-650-254-9361
Margaret,Mitchell,sabrinatrevino@example.com,+1-944-877-0820x82860
Tina,Wiley,deborahmartinez@example.net,6437598848
Michelle,Reilly,edward18@example.net,001-959-216-4699x0275
Angel,Blake,cdiaz@example.org,(661)611-0381
Matthew,Campbell,wodonnell@example.net,+1-242-822-8025
Donna,Potts,owensdaniel@example.net,+1-670-609-7483x5531
Jamie,Torres,kclark@example.com,969-271-8930
Jennifer,Combs,sdean@example.net,226-484-4365
Courtney,Mccormick,smithpatricia@example.org,2647313858
Crystal,Garcia,cjohnson@example.net,823.313.5049x40952
Jacob,Reyes,watsonjessica@example.org,001-702-756-5144x658
Michael,Hernandez,michaelsmith@example.org,001-569-932-4154x7276
Matthew,Miller,garciasherry@example.net,001-491-877-5119
Ryan,Edwards,scottrobinson@example.net,(607)351-8741x87844
Danielle,Long,knorris@example.org,001-288-716-2416x5461
David,Burnett,tlittle@example.net,001-243-420-1590x8390
Jason,Taylor,mary39@example.org,001-651-306-5633x007
Barbara,Johnson,boydbrittany@example.com,001-845-457-4186x6871
Mitchell,Roberts,michaelwu@example.com,427.231.5756x2114
Tricia,Hudson,rachelrussell@example.com,(469)414-1400x213
Jill,Cox,tharvey@example.com,001-693-761-5410
Betty,Bauer,prestonscott@example.org,001-908-313-1660x04256
Andrew,Chang,christianross@example.net,(810)831-8341
Anthony,Anderson,ginagonzalez@example.org,290-616-2806x43922
Jeremy,Mclean,heathercampbell@example.net,(364)417-7561
Gregory,White,nmoreno@example.com,001-292-899-4166x211
Andre,James,hernandezmelissa@example.net,762-287-1016
Pamela,Walker,grant40@example.org,+1-976-702-2180
Tonya,Poole,jessicahuynh@example.net,+1-550-534-5328
Laura,Burgess,hollandlisa@example.org,001-974-752-3448x629
Tom,Johnson,bushjennifer@example.com,3246906232
Annette,Sellers,michael09@example.net,(417)212-2017x57104
Keith,Mcdowell,cameron89@example.com,3998267948
Vanessa,Martin,paula95@example.com,+1-726-372-3307x399
Anthony,Martinez,bradybrewer@example.com,+1-400-249-7507x137
Kimberly,Perry,bbarrera@example.com,+1-659-701-5759x121
Holly,Nelson,stephen64@example.org,748-250-9809
Rachel,Bird,meyerstacy@example.net,817.252.0355x3569
Charles,Moore,glewis@example.com,(881)391-4290x6473
Marisa,Carter,ytorres@example.com,(973)845-4562
Scott,Dorsey,kspears@example.org,804-226-4485x81345
Matthew,Ford,becksteven@example.org,266.286.8723x3245
Christine,Brown,nancyanderson@example.com,325-438-4917
Jared,Lee,gcole@example.org,+1-833-948-4100x863
Elizabeth,Smith,amymiller@example.com,+1-594-784-5478x3921
Sabrina,Williams,rebeccascott@example.net,644-831-3459
Lori,Escobar,qedwards@example.com,001-879-831-3957
Brendan,Mcbride,howardhorton@example.org,6607191391
Jessica,Martinez,hector35@example.net,(537)515-9763x0674
Anthony,Nelson,jclark@example.com,001-697-591-9340x76728
Robert,Woods,aanderson@example.net,6024964217
Nicole,Davis,wellsluis@example.org,254.888.6656x960
Alexandra,Torres,froberts@example.com,+1-779-208-7544x93479
Anthony,Hansen,littleaustin@example.org,001-950-811-4257x72976
Nancy,Brown,josephhatfield@example.net,+1-922-986-8498
Nicholas,Miller,phillipcompton@example.org,446-401-3050
Christopher,Fields,cmartin@example.com,243.707.9765x529
Benjamin,Rivas,monica12@example.com,411-313-0880x528
Heather,Williams,downsrobert@example.com,789.971.2067x3946
Samuel,Anderson,logan65@example.net,2847264367
Charlene,Tanner,fjacobs@example.net,689.793.7664x8114
Kathryn,Warren,kbird@example.com,892-992-9632
Thomas,Lopez,perryjack@example.org,5512360759
Brian,Thompson,ggutierrez@example.com,001-366-955-4133
Kimberly,Pierce,harristiffany@example.com,964.853.3407x559
Edward,Lopez,fwalker@example.org,5797023571
Pedro,Campbell,gwendolyn77@example.net,001-346-599-1328x36972
Kyle,Carter,heather50@example.net,575-771-2326x3128
Mary,Gibbs,igonzalez@example.net,7686734066
Tonya,Rogers,ncole@example.net,768.859.0086
Kristen,Stephens,samuelmorgan@example.net,001-366-574-9973x570
Melissa,Mata,aweber@example.com,6906026940
Jodi,Davis,millerrhonda@example.com,001-277-261-3745x8153
Cory,Warren,owensdouglas@example.org,823-762-3561x2490
Angela,Sanchez,uhawkins@example.com,919.544.2060
Martha,Copeland,wardrebecca@example.org,5535078824
Stephanie,Harvey,breannareynolds@example.net,001-353-772-2283
Katie,Gutierrez,steven35@example.net,551.887.5635x14981
Haley,Chase,zoeromero@example.org,602-685-0841
Shane,Graves,nhancock@example.net,962.403.5789
Lauren,Riley,matthew21@example.net,(215)912-7050
David,Munoz,davischristopher@example.net,2012873732
Jessica,Dodson,nathanperez@example.com,001-480-904-4117
Meredith,Wood,tsimmons@example.com,948.419.4946x36250
Kevin,Clark,zharris@example.org,(940)860-0830x486
Anthony,Galloway,rsolis@example.net,(357)555-7189x1280
Cole,Moore,fpeters@example.com,506-221-8804x76391
Renee,Adams,chelseamorrison@example.org,207.668.6648
Michelle,Wilson,anne19@example.org,313.467.7488
Dennis,Mccarthy,imack@example.net,(312)938-7917x69591
Emily,Nelson,bettyphillips@example.com,(788)806-9810x40770
Shaun,Medina,richardwalsh@example.com,923.200.6088x09088
Samuel,Reynolds,lweeks@example.net,(510)731-0934x4746
Robert,Carney,jamesroberts@example.com,680-326-5184
Amy,Jones,alyssabrady@example.org,001-571-655-3221x980
Sandy,Howard,andrewstuart@example.org,706.471.1716x79667
Larry,Martin,qkaufman@example.org,415-370-7916x58921
Amanda,Weaver,christopher30@example.net,227-891-6852x454
Leslie,Rodriguez,james51@example.com,859-646-8429x5596
Nicholas,Rivas,cynthiawright@example.net,301-953-2251
Ricardo,Fuentes,hburke@example.net,898.708.7208
Joshua,Smith,joshuaprice@example.net,(810)886-6745x80724
Stephanie,Ryan,rogergreen@example.com,001-868-885-4177
Joshua,Glenn,thomaslowery@example.org,975.476.0325
Tracy,Morgan,robinsonbrandy@example.net,2562162004
Joshua,Watson,dduke@example.net,001-268-602-0121x70608
Loretta,Burton,chapmanmichael@example.org,+1-393-282-2174x35294
Eugene,Rodriguez,theresaallen@example.net,(706)413-0105
Kevin,Harris,johnadams@example.com,395.381.6833x62424
Robert,Smith,krogers@example.net,431-402-6231x4313
Caitlin,Brown,andrew14@example.com,(526)640-4010x3540
Francisco,Sims,jonathan66@example.org,(804)338-2908x319
Paul,Rocha,allisonhawkins@example.org,(288)737-4573x31938
Erin,Phillips,brandonyoung@example.org,570.782.2475
Christopher,Dennis,jasonlopez@example.net,(357)805-9379
Timothy,Evans,amy83@example.com,727-422-2670
Traci,Bell,kmoore@example.org,(763)372-4422x4633
Priscilla,Moody,martintheresa@example.org,835.317.3735x21094
Donald,Brock,emilyhayes@example.org,001-271-469-9956x4586
Tara,Clark,heidi71@example.com,4066700042
Thomas,Moore,haileyobrien@example.org,(940)564-7964x376
Christina,Beard,yholland@example.net,925.445.1135x5425
Scott,Lambert,feliciaward@example.net,(575)342-5942x9508
Anthony,Murphy,matthewsaunders@example.com,386.926.0888x14759
Jacob,Ponce,guerrajack@example.org,318.399.1799x796
James,Wood,mathewbrown@example.com,+1-316-277-1474x9706
Jody,Holmes,foleymatthew@example.org,+1-621-724-7249x495
Megan,Cooper,pamelajordan@example.net,(393)282-4797x9527
Ryan,Marks,itownsend@example.com,(356)653-5448
John,Raymond,cassie41@example.net,954.702.1868x19685
Kathleen,Jones,james48@example.com,310-700-5095
Crystal,Fitzpatrick,shelleyruiz@example.com,734-738-7563
Alexander,Dunlap,ramirezmegan@example.org,+1-568-763-0100x945
Sydney,Henderson,fryejamie@example.net,6065177780
Sandra,Martin,caldwellaaron@example.org,+1-873-944-9156x0381
Lauren,Brady,alexismeadows@example.net,(455)793-2677x65834
Ricardo,Ross,emily77@example.com,(572)850-0483x1712
Erica,Hancock,bennettcolin@example.org,252.913.5525x0746
Amanda,Anderson,john02@example.org,710-518-1450x592
Julie,Schneider,ipittman@example.org,(314)423-8455x6416
Julia,Myers,zroman@example.com,3099748301
Trevor,Moss,bettythompson@example.com,+1-581-911-6355x5396
Eric,Reyes,kgardner@example.net,(448)394-9533x4374
John,Henderson,bpalmer@example.net,2927901003
Michele,Scott,youngmarcus@example.com,001-548-879-0759x1347
Robert,Williams,lindseyroy@example.net,+1-445-461-8869
Danielle,Hill,reedlisa@example.net,001-666-560-0045x37406
Rebecca,Mann,brandi48@example.org,624.265.4922
Matthew,Bailey,sallen@example.org,(733)453-3981x811
Walter,Hancock,cherylparks@example.com,512.819.8476x638
Meghan,Brown,shermanhayley@example.net,950.567.0967x55842
Stephanie,Dillon,sarah88@example.com,(677)833-4520x897
Phillip,Salas,markbartlett@example.org,7284264220
Lauren,Hodge,qdorsey@example.org,001-439-386-7774
Diana,Mitchell,ylane@example.com,908.571.1881
Shawn,Davis,robin09@example.com,7893611188
Kimberly,Walls,whitakerwalter@example.net,504.763.3416x1033
Samantha,Woods,lgregory@example.com,(928)419-1686x4066
Aaron,Montgomery,sguerrero@example.com,3113012815
Christina,Miller,christopher51@example.net,+1-729-438-7385x583
April,Ramsey,phillipgriffith@example.com,2067960152
Brandon,Shelton,umiller@example.net,504.302.4857x697
Mark,Reeves,thomasanthony@example.org,753-204-7233
Karen,Green,natalie64@example.com,402-382-5233x806
Matthew,Diaz,anguyen@example.net,768.662.3499x85963
Karen,Gordon,kknox@example.org,001-865-978-8468
Jeffrey,Jones,dillon27@example.com,001-449-964-3013
Terry,Garcia,rmyers@example.com,001-473-774-8741x92216
Lawrence,Lopez,valerieschneider@example.org,261-787-4601x03687
Jennifer,White,brittany31@example.com,973.416.7956
Christopher,Marshall,zhunt@example.org,+1-720-301-8341x094
Damon,Smith,tonygeorge@example.net,001-630-771-2864x4984
Gloria,Hall,angelajones@example.com,+1-693-938-2577
Wendy,Rodriguez,charlesmalone@example.org,+1-222-562-9351x29725
Jeremy,Todd,qarroyo@example.net,001-766-245-9968x31657
Donna,Brown,mariaclark@example.com,356-531-9703x4166
Donald,Graham,johnsonerin@example.org,841.379.3578x4070
Rita,Allen,chanalexis@example.net,601.342.2728
Tina,Kramer,coreyolson@example.com,001-804-615-8207x0510
Paul,Martinez,bjones@example.org,468-493-4014
Christopher,Edwards,marcusclark@example.net,3224911177
Lisa,Davis,kaylee70@example.com,(969)721-4920x085
Diane,Aguirre,gjordan@example.net,001-610-885-7118x1408
Brandon,Roberts,nicholaslee@example.org,(957)400-4711x2196
Jeffrey,Brown,patelerin@example.net,202.813.0069x095
Patrick,Gonzales,anthony10@example.net,(428)758-6125x6361
Taylor,Nichols,guzmanjocelyn@example.net,540.321.9240x786
Nicholas,Campbell,wsims@example.net,+1-832-554-1098x6965
Catherine,Hernandez,millertracy@example.net,001-703-446-7796x62009
Todd,Martinez,julia03@example.net,409.617.5581
Darren,Davis,logangutierrez@example.org,242.666.0660x293
Gina,Mcconnell,joseph02@example.org,273.936.6511x76255
Darrell,James,colehickman@example.net,310-679-3890x933
Peter,Woodard,daviskylie@example.net,001-444-220-0112x265
David,Patel,michelevaughn@example.org,832.416.2004
Kayla,Patterson,john06@example.org,511.535.4272x94104
Sean,Sanchez,jasonrhodes@example.org,742.879.3175
Laura,Peterson,sierrasanchez@example.com,(224)413-4782x16578
Melissa,Smith,vmorales@example.net,406.796.6769x593
Trevor,Rose,david89@example.com,001-961-515-5908x29698
Kyle,Torres,josekim@example.org,+1-907-572-1259x83096
Harold,Meyers,kyle13@example.com,(602)258-6741x161
Trevor,Bean,holsen@example.net,+1-805-530-7411x4486
Julia,Ewing,johnmyers@example.org,383-441-7289
Dawn,Elliott,emcgee@example.net,7103027545
Miguel,Johnson,stephen07@example.net,001-953-413-4657x9562
Christina,Hall,weberrobert@example.net,268.809.2031x17342
Howard,Sandoval,kelseyreed@example.org,(224)459-1028x2657
Amanda,Ross,frank25@example.net,654.888.2798
Jeffrey,Eaton,ericnguyen@example.net,892.247.2364x780
Christopher,Serrano,pjohnson@example.org,395-281-7986
Katherine,Martinez,castillodaniel@example.com,281.686.6595x4240
Wendy,Lloyd,amypatton@example.net,001-326-699-2079
Anne,Whitehead,jmoore@example.net,+1-350-784-5660x26719
Paul,Dixon,echerry@example.org,(776)375-2039x73118
Daniel,Yang,vazquezkelly@example.com,(914)733-7313x197
Joseph,Oneill,cvillanueva@example.net,001-827-345-7184x241
Dustin,Dunlap,smithbonnie@example.org,001-794-281-4286x8531
Valerie,Villanueva,james72@example.org,702-841-1576x163
David,Burns,johnmays@example.org,+1-625-251-5599x044
Mark,Wright,jesse14@example.net,+1-326-643-4518x18096
John,Andrews,zparks@example.org,(210)232-2702x3271
Melissa,Davis,thomasrice@example.net,(293)357-8392x60887
Ryan,Hill,martinmindy@example.org,474-785-9467x274
Connie,Gonzalez,bennettscott@example.org,243.536.7486
Brian,Nichols,vickie09@example.com,(712)358-0405x229
Robert,Barnett,christopher76@example.org,001-247-893-5640x37313
Alexander,Bates,ksmith@example.org,930-856-4962x2512
James,Bates,hlynch@example.net,8768520603
Stephanie,Young,jlester@example.net,748-401-2475
Lauren,Montgomery,heather48@example.org,239-237-2891x065
Catherine,Scott,velazqueztravis@example.org,698-246-6917x1081
Todd,Hodge,daviskent@example.org,(982)282-5752
Regina,Ashley,griffithmegan@example.org,(675)732-1668x2756
Jesse,Mullins,alexbarajas@example.net,+1-349-655-4096
Peggy,Jones,garciadavid@example.org,(822)913-5088
Teresa,Marks,elee@example.net,(747)824-9521x113
Tommy,Perez,cstephens@example.org,786.700.4512
Vanessa,Higgins,clarksarah@example.com,516.227.7282
Rick,Craig,murphycynthia@example.com,401-677-0129
Richard,Combs,barmstrong@example.net,2707243958
Amanda,Jackson,ortizlauren@example.com,657.248.4543
Robert,Combs,penny15@example.com,001-489-327-5477x022
Kayla,Fisher,mjenkins@example.com,001-286-700-2883x45099
Stephen,Short,daniel33@example.org,+1-692-964-0297x8579
Stephanie,Nguyen,darrenhaynes@example.com,425.779.7623x8326
Jesse,Young,sanderskyle@example.com,390-430-1615x1170
Cassandra,Johnson,barbara58@example.com,(476)273-8356
Stephen,Rodriguez,victoria68@example.com,(619)444-9036
Jeremy,Watson,lindseyelizabeth@example.org,440.911.1451
Allen,Ferguson,schmidtangel@example.org,3212227116
Christopher,Collier,ryan70@example.org,001-720-739-1438x689
Amy,Jones,pbrown@example.com,+1-932-989-2771x3153
Sarah,Walker,jamieruiz@example.net,412.976.7894
Ricardo,Mann,melanieduncan@example.org,5474924817
Jasmine,Higgins,sherry01@example.org,(770)877-1238x0895
Todd,Mcmillan,dustin93@example.org,629.341.0411x922
Alyssa,Lopez,ramirezheidi@example.net,(939)479-4188x551
John,Lee,canderson@example.net,466-483-0925x63294
Karen,Murillo,paul00@example.com,865-593-7146
Cindy,Sellers,dennis36@example.net,001-923-796-1244
Jennifer,Morgan,phebert@example.org,+1-813-470-1964
Rebecca,Le,melanielucas@example.org,411.560.0144
Jessica,Rogers,ryanberg@example.net,787.418.8651
William,Martinez,josemoody@example.net,+1-622-800-4045x88854
Robert,Woodward,jesus86@example.com,613-221-4442
Bridget,Erickson,batescharles@example.net,515.482.4312x1881
Emily,Murillo,jacksonmelissa@example.net,001-423-435-1384
Eric,Young,kelly58@example.net,+1-463-804-8435
Bryan,Bonilla,kjordan@example.net,364.685.6794x1834
Joseph,Joseph,amiller@example.org,(947)810-7475x17418
Laura,Hill,timothyzavala@example.org,+1-556-694-8198x484
Kenneth,Mckinney,breanna00@example.com,705-994-3731
William,Shepard,msharp@example.org,+1-980-888-3009x8401
Jennifer,Hoffman,mjohnson@example.org,001-643-497-8799x548
Stephanie,Scott,mary23@example.net,558.387.4644
Kelsey,Leonard,manndaniel@example.org,207.300.1127
Joseph,Erickson,paulowens@example.net,+1-525-860-5507
Benjamin,Keller,opeters@example.com,(498)402-5044
Denise,Mejia,samanthajohnson@example.org,984.291.2654x78025
Thomas,Kennedy,jacksonkristie@example.com,(517)617-8023
Ian,Hamilton,benjaminkerr@example.com,755.592.6304x18505
Paul,Jones,bentonjennifer@example.com,598.973.9374
James,Hudson,jessica29@example.org,001-289-232-7972x00034
Valerie,Rodriguez,julie96@example.net,3767217610
Craig,Haynes,hunterrogers@example.net,318-278-0655
Grant,Manning,hughespaula@example.com,617-966-3653
Debra,Barton,ashley05@example.org,7635005012
Deanna,Stone,edwintrujillo@example.org,(296)856-9641x848
Jeffery,Johnston,kenneth76@example.org,001-807-994-9890x39235
Oscar,Carpenter,chavezstephanie@example.net,911.941.3549x6390
Christopher,Acevedo,joseph63@example.com,369-472-1334x358
Daniel,Wilkerson,joan77@example.com,462-723-9721
Steven,Henderson,bcannon@example.net,+1-936-617-6960x2204
Kayla,Brown,kennedydavid@example.com,+1-448-396-7238x146
James,Steele,michael20@example.org,+1-752-387-0348x806
Emily,Matthews,christopher54@example.com,+1-390-269-1639x669
Jesse,Paul,nwilliams@example.org,001-399-864-9142x97560
Robert,Whitney,johnclark@example.net,546-505-7846x598
Johnny,Olson,michael28@example.net,566.359.4346
Maria,Flores,ksharp@example.net,001-596-417-5730x64346
Timothy,Carter,clifford38@example.com,595-249-2261x037
Joseph,Anderson,victoria34@example.com,(819)650-3104x20995
Angela,White,jackie65@example.com,215-214-7321x573
Zachary,Morales,ljames@example.com,001-540-737-9695
Victoria,Stafford,wquinn@example.net,675.421.6032x56503
Angela,Gonzalez,patrickjordan@example.org,001-366-634-3345x544
Gerald,Adams,jonesholly@example.com,(858)745-5137x3886
Shane,Gomez,daniellebooth@example.net,001-900-434-7734x802
Danielle,Mccormick,rachelalvarez@example.org,521.989.9741x54830
Timothy,Weaver,smithjason@example.net,(978)598-9154x705
Robert,Mcbride,wsmith@example.net,335.387.7054x53592
Nicole,Campbell,jennifer52@example.org,+1-956-617-8726x2810
Colleen,Payne,cthomas@example.org,001-673-402-6411x56574
Donna,Luna,dylan70@example.org,3915302574
Francisco,Hernandez,ledwards@example.org,001-885-594-9366x13513
Katherine,Tran,ruiztimothy@example.net,(682)467-0648x6307
Elizabeth,Spencer,matthewtucker@example.com,743-724-8269
Ashley,Sloan,jamesspencer@example.net,807-729-8192
Stephanie,Williams,cannonkatherine@example.net,+1-390-596-0740
Mary,Tapia,pamelajackson@example.net,667-532-5564x8541
Jacob,Bolton,ghall@example.org,435.746.7863x04945
Adam,Murphy,gwilliams@example.com,536.494.5075x656
Tyler,Smith,whitechelsea@example.net,(397)601-5341
Linda,Klein,williamgay@example.com,(739)634-5725
Heather,Dixon,lschneider@example.com,+1-416-279-2282x91484
Sean,Ayers,ryan28@example.com,001-337-723-1345x69363
James,Soto,kevinjones@example.com,+1-259-261-2585x0583
Jared,Snyder,haysrobin@example.org,+1-403-211-4964
Larry,Elliott,meyercody@example.net,+1-227-994-6080x23813
Hannah,Cortez,chris95@example.net,553.421.1031
Donald,Gutierrez,allison46@example.org,606.261.3078x94637
Tristan,Brown,gmann@example.com,588-607-3085x394
Daniel,Gomez,bwashington@example.com,284-326-9522
Stephanie,Bass,mcdonaldtami@example.net,+1-844-490-9187x8780
Nicholas,Brown,christopher21@example.com,(522)749-1905x3900
Heather,Navarro,vhughes@example.net,724.482.1826
John,Patrick,tamaraschmidt@example.net,430.546.5382x158
Joseph,Jones,glarsen@example.org,920-261-8814
Jennifer,Farley,jennifer77@example.com,2558760816
John,Poole,sabrinacoleman@example.com,885-487-5398
Kelly,Torres,ashley80@example.com,001-215-907-7574x9614
Christopher,Griffith,ntaylor@example.net,001-986-472-5072x018
Teresa,Rush,carriewilson@example.com,(967)708-8118
Samantha,Howard,thomasjohn@example.net,001-948-314-5289x12451
Ryan,Palmer,longbrittany@example.net,255-527-8481
Rebecca,Bowman,thomasclark@example.org,(625)394-2964x103
Alexis,Roberts,zspencer@example.org,330.903.1206x349
Michael,Campbell,tgomez@example.net,(641)267-0530x85038
Rachel,Patton,mariacasey@example.org,001-316-782-1456x308
Melissa,Hall,gsmith@example.org,+1-360-970-6894x25673
Alicia,Hernandez,sgreen@example.net,905.259.1711x356
Jeffrey,Harrison,maddoxpaul@example.com,001-872-348-2239x21897
Joseph,Vaughn,anita83@example.org,744.398.1504x1295
Nancy,Johnson,banderson@example.org,7767811325
Kathryn,Patel,brandondavis@example.org,424-598-6425x9271
Brendan,Diaz,john45@example.net,001-925-669-8268x2406
Maria,Torres,garciaerik@example.net,+1-265-265-6598
Eric,Tran,tvasquez@example.com,589.806.0992x92133
John,Rhodes,frymichelle@example.com,001-454-725-3470x4995
Jason,Jenkins,prestonthomas@example.org,559-584-4897x391
Dawn,Williams,michael43@example.net,350.906.1293
Angela,Bentley,victoria01@example.net,2978809085
Kristen,Bailey,tammyrichardson@example.com,732.392.2295x89476
Edwin,Woodward,johnweaver@example.net,3783035438
Patrick,Valenzuela,michael55@example.com,(766)261-4411x752
Melissa,Turner,mcgeeanne@example.org,740.910.7968
Kathleen,Bennett,tcampbell@example.org,482-577-7415
Andres,Drake,bishopjennifer@example.net,(646)918-9375x8538
Gregory,Michael,april37@example.com,566-267-1412
Jacob,Robles,jbuck@example.org,001-908-943-8936x43934
Chloe,Jones,stephanieserrano@example.com,791.304.2269x0180
Kristen,Carter,samanthacannon@example.net,001-807-732-6411
Steven,Wheeler,jrobinson@example.net,001-317-358-0760x73178
Tanya,Mills,allisontyler@example.net,9383758621
Jennifer,Blackburn,nealjennifer@example.org,594-964-4411
James,Bartlett,christensenluis@example.org,6406106202
Kendra,Stanley,flemingtonya@example.net,+1-739-864-0758
Courtney,Simpson,ashley35@example.org,685-861-8901x4690
Lisa,Richards,kelsey83@example.org,4029047475
Dennis,Baldwin,anna37@example.com,(798)447-2029
Dawn,Burns,ijohnson@example.org,456.282.0821x00065
Jennifer,Smith,nelsonlaura@example.org,(310)221-5051x606
Nancy,Clark,edwardspamela@example.org,(373)860-0898
Michael,Davidson,strongjustin@example.com,416.713.4299x13787
Anna,Marshall,tiffany11@example.com,602.481.9781x196
Patricia,Hughes,donna81@example.org,(661)586-0729x83328
Casey,Brandt,charleswoods@example.net,714.726.3229
Richard,Harris,usalazar@example.com,(845)423-7691x1873
Zachary,Herrera,robert41@example.net,+1-789-451-1891x95073
Latasha,Miles,cle@example.net,(469)969-8136x425
Christopher,Copeland,johnsonana@example.org,(810)713-8027x59102
Joshua,Mathews,joseph12@example.org,+1-658-971-0598x478
Ashley,Blake,laura17@example.org,9686212250
Amy,Welch,combsgeorge@example.net,(369)586-5042x30786
Linda,Jackson,plarson@example.com,001-577-479-0704x43827
Robert,Henderson,karenmarshall@example.net,+1-489-764-0156x04822
William,Kennedy,jessica11@example.com,+1-612-528-5540
Jocelyn,Mendez,sierrasmith@example.com,227.887.4421x041
Sharon,Oconnell,nguyengary@example.org,269-407-7727x8385
Rachel,Parker,robbinslogan@example.com,898-499-0825x14682
John,Hunter,kiddwesley@example.com,(368)354-3671
Elizabeth,Williams,joseph77@example.com,001-991-467-3196
Michael,Snyder,austin02@example.org,(431)470-1281x18914
James,Foster,richardramirez@example.net,001-245-500-0047x676
Donna,Johnson,yjames@example.com,+1-507-649-8880x653
Anthony,Harris,melissanewman@example.net,7242762896
Julie,Ray,mlynch@example.net,961.552.4833x144
Jasmine,Trujillo,wanda37@example.net,9912689331
James,Williams,kylegibson@example.org,303.604.7270x85469
Eileen,Howard,heidi26@example.net,001-649-591-1220x4775
Sarah,Lopez,cnash@example.org,688-241-5127x494
James,Smith,james22@example.org,252-951-0058
Kevin,Turner,smithryan@example.com,001-924-890-2625x172
Michael,Palmer,dsmith@example.org,514-425-6424x524
Thomas,Duran,robertcollier@example.com,904-348-1642x4288
Sabrina,Warren,jeffreylewis@example.org,+1-735-503-7414x1701
Zachary,Yang,lisawilliams@example.org,(828)867-9244x56568
Paul,Mercado,williamjennings@example.net,+1-289-562-8338x916
Grace,Blackwell,ryanmills@example.org,605.455.8030
Sara,Garrison,shannonrogers@example.org,(821)917-9355x826
Michael,Graves,michelle84@example.com,880.852.4237x341
Leslie,Summers,stephaniejackson@example.org,7746901342
Allen,George,nrivera@example.org,282.733.3339x83781
Raymond,Hoover,stokesjennifer@example.net,(373)606-7221
James,Ross,hbeck@example.net,333-735-2268
Nicole,Blake,rangeleric@example.net,(723)355-3192
April,Alvarez,phyllisbrewer@example.net,001-414-824-4993x085
Amber,Mendez,melinda73@example.net,929-794-6924x616
Laurie,Jones,charles23@example.net,(710)726-9286x858
Johnathan,Watson,gonzalezkayla@example.org,001-568-933-0353x961
Ryan,Chandler,scottnguyen@example.org,(559)522-8471x2322
Stephanie,White,rebeccajohnson@example.org,6936808768
Jason,Solomon,lopezelizabeth@example.net,288-688-8602x548
Annette,Jordan,trevor79@example.net,8882572612
Christina,Smith,robert38@example.com,(492)757-9429
Roy,Knapp,austinsantana@example.com,+1-737-651-5581x0061
Tyler,Norton,ericafowler@example.com,577-450-5250
Jodi,Rodriguez,nicholsmichael@example.net,959-564-0858
Katherine,Burgess,colemanmark@example.com,823.918.0801
Peter,Smith,pinedaerin@example.com,433-933-1578x582
Jeffrey,Phillips,xcarter@example.org,608-941-2478
Dorothy,Jones,awong@example.org,(598)978-8178x56367
Joseph,Hicks,dware@example.com,(545)873-9438
Sabrina,Greene,whiteroy@example.com,740.625.8838
Michele,Novak,weavercarla@example.com,292-928-3764x6805
William,Peters,andrew34@example.net,519-650-1588x4423
Gary,Sawyer,jose10@example.net,954.440.8632x95505
Christina,Robles,john86@example.net,+1-481-553-0906x53547
Crystal,Ramirez,benjaminjordan@example.com,963-465-1157x348
David,Schultz,spencermorgan@example.org,+1-315-673-0505x5702
John,Allen,maria25@example.org,+1-896-345-9359
Cesar,Lopez,hartsharon@example.org,9569440963
Daniel,Harper,catherinemacias@example.com,906.326.4063x79837
John,Wade,shannon84@example.com,001-996-544-8681x56929
Rachel,Watts,ydavis@example.com,207.684.9011
Christopher,Richardson,cruzmitchell@example.net,367-797-9219x686
Steven,Bentley,martineztimothy@example.com,+1-884-595-2537
Brandon,Rodriguez,kyle16@example.org,+1-789-386-1760x18763
Erin,Gibson,youngkaren@example.net,909-941-1981
Mario,Martin,saraevans@example.com,961.644.4786x293
Jose,Steele,mark62@example.com,(642)672-1689x8974
Barbara,Anderson,zacharymejia@example.net,+1-533-317-6423x275
Daniel,Manning,jacob04@example.com,(217)324-8254x8699
Alicia,Olsen,amandaferguson@example.com,357-829-4689
Latoya,Roberson,patriciagonzalez@example.org,+1-340-782-8694x01912
Ronald,Heath,munozjoseph@example.com,931.959.3789
Shannon,West,wadejonathan@example.net,+1-346-393-5245x58378
Christopher,Shannon,colemanmicheal@example.net,001-686-998-7203x519
April,Shepard,millerterri@example.net,001-891-534-9526x0715
Steven,Woods,sharon63@example.org,995-440-4269
Christine,Stewart,jodi12@example.org,449-688-3837
Kevin,Gibson,cookkatelyn@example.org,285-946-2201
James,Ross,goldenalexandra@example.net,306-644-7867
Erin,Hogan,donald76@example.net,7123789928
Lori,Hansen,austinmoyer@example.com,+1-712-962-6746x234
Albert,Huffman,charleswhite@example.net,422.248.5927x67019
Cameron,Huber,myersmarissa@example.org,001-699-314-8002x693
Eric,Rivera,qboyle@example.org,284-343-2267
Jerry,Larsen,jamiebautista@example.org,+1-511-317-6597x128
Adam,Meyer,derrickmiller@example.net,001-504-681-2426x900
Bonnie,Ferguson,crystal65@example.org,+1-556-567-3000x88713
Roy,Marshall,shepardamanda@example.org,450.646.3401x63863
Alexander,Hughes,reidlogan@example.net,(369)997-1681x160
Alejandra,Conley,philipdiaz@example.net,597-460-5654x52604
Rodney,Rodriguez,kevin92@example.org,530-625-3298
Ronald,Moss,jacqueline22@example.org,(897)981-6608
