venue_id,name,date,start_time,end_time
16,Versatile eco-centric benchmark,2024-02-24,00:10:03,20:31:27
50,Centralized user-facing model,2024-06-02,05:57:25,16:56:31
32,Implemented secondary solution,2024-02-11,14:57:35,19:25:23
65,Synergistic upward-trending access,2024-04-27,05:21:33,14:24:58
27,Sharable 3rdgeneration Graphical User Interface,2024-04-13,21:11:35,10:23:49
77,Team-oriented 5thgeneration application,2024-02-25,13:52:11,07:11:16
14,Grass-roots analyzing structure,2024-04-10,08:14:09,08:51:07
8,Balanced dedicated implementation,2024-04-24,00:21:05,09:08:06
95,Networked cohesive structure,2024-01-15,18:13:11,04:53:05
82,Programmable neutral productivity,2024-07-11,07:28:31,19:13:05
83,Monitored asynchronous core,2024-03-27,13:17:13,18:48:02
31,Public-key encompassing challenge,2024-03-16,17:51:23,11:16:47
66,Streamlined bottom-line hierarchy,2024-02-22,19:28:09,21:12:06
91,Integrated exuding knowledgebase,2024-05-17,03:05:00,05:53:35
95,Implemented bandwidth-monitored ability,2024-07-30,09:14:59,03:34:09
18,Organized fault-tolerant pricing structure,2024-05-27,01:43:01,07:13:01
14,Horizontal static service-desk,2024-06-08,12:38:33,02:46:06
40,Implemented explicit standardization,2024-03-16,07:02:29,01:20:57
17,Reduced context-sensitive interface,2024-05-07,17:25:22,03:44:07
38,Horizontal heuristic framework,2024-04-22,10:30:27,11:12:13
81,Synchronized static model,2024-07-08,22:37:48,06:32:23
14,Configurable client-driven knowledgebase,2024-04-06,08:22:14,10:45:57
31,Multi-tiered empowering contingency,2024-04-29,17:33:59,09:06:58
21,Cross-platform systemic middleware,2024-07-13,12:55:22,04:06:30
39,Multi-channeled actuating ability,2024-08-27,02:53:19,11:11:26
78,Proactive full-range instruction set,2024-03-28,19:30:27,02:11:19
89,Function-based background monitoring,2024-01-16,10:16:21,08:46:35
17,Total reciprocal conglomeration,2024-08-20,04:02:08,11:50:20
12,Advanced high-level portal,2024-05-30,21:23:29,14:30:33
41,Diverse web-enabled Graphical User Interface,2024-06-30,10:41:20,20:55:12
13,Business-focused dedicated challenge,2024-07-06,05:48:28,04:40:59
47,Customer-focused homogeneous open system,2024-02-03,01:29:22,10:19:57
28,Cross-group well-modulated algorithm,2024-02-11,19:42:01,02:42:14
77,Operative clear-thinking groupware,2024-01-21,13:49:26,20:33:35
19,Operative encompassing attitude,2024-01-20,21:29:11,15:38:58
55,Versatile transitional toolset,2024-07-29,06:45:06,08:37:20
9,Balanced fault-tolerant capability,2024-01-11,11:37:48,17:55:14
42,Ameliorated leadingedge methodology,2024-04-22,16:10:38,22:39:27
18,Horizontal incremental service-desk,2024-02-08,10:54:06,16:30:30
24,Visionary maximized policy,2024-04-15,18:30:47,13:02:22
73,Open-source disintermediate encryption,2024-01-23,05:59:24,16:46:34
70,Synergized zero-defect access,2024-04-24,15:03:51,13:14:03
50,Universal optimal project,2024-07-31,07:13:08,17:47:37
44,Up-sized zero tolerance service-desk,2024-01-28,10:55:48,05:08:09
72,Diverse web-enabled Graphic Interface,2024-03-26,06:51:04,08:50:12
91,Vision-oriented transitional hierarchy,2024-04-12,23:06:09,10:41:46
30,Operative discrete emulation,2024-08-12,03:34:02,15:33:19
22,Synergized reciprocal Internet solution,2024-04-19,07:36:16,15:05:36
21,Persistent motivating migration,2024-05-26,23:17:22,01:52:12
20,Business-focused mission-critical success,2024-02-09,00:04:57,04:09:15
89,Enhanced solution-oriented approach,2024-02-24,18:59:43,03:25:34
7,Polarized upward-trending projection,2024-08-13,16:21:19,20:28:07
1,Progressive intangible knowledge user,2024-02-09,10:08:11,23:32:22
42,Universal bifurcated support,2024-04-08,23:28:24,15:59:00
62,Reactive executive leverage,2024-04-10,04:38:08,15:02:30
23,Progressive clear-thinking service-desk,2024-06-01,04:55:36,21:13:51
83,Organic eco-centric orchestration,2024-01-13,22:53:23,21:40:10
56,Optimized even-keeled conglomeration,2024-05-18,18:08:10,13:21:34
42,Reactive regional Graphic Interface,2024-03-09,04:39:31,06:47:56
81,Object-based 24/7 circuit,2024-08-25,01:34:44,15:14:40
6,Compatible dedicated solution,2024-02-27,03:38:03,18:33:19
84,Fundamental reciprocal forecast,2024-06-22,18:38:16,09:39:18
28,Synchronized mission-critical encoding,2024-06-28,04:35:59,09:31:25
94,Networked holistic emulation,2024-07-17,11:03:30,07:46:48
4,Vision-oriented client-server productivity,2024-02-20,16:11:39,00:18:59
48,Pre-emptive stable throughput,2024-03-13,18:37:28,03:16:25
51,Configurable optimizing orchestration,2024-07-12,04:25:37,17:22:47
66,Multi-tiered discrete definition,2024-07-09,04:34:54,13:15:24
63,Implemented foreground system engine,2024-04-27,17:06:36,22:59:16
45,Secured composite parallelism,2024-01-03,02:24:06,05:40:47
57,Profound executive core,2024-02-11,07:52:58,17:07:10
30,Operative asynchronous data-warehouse,2024-07-11,19:07:27,04:17:02
54,Assimilated incremental challenge,2024-02-01,19:17:53,14:52:24
49,Persevering logistical portal,2024-06-19,17:18:16,23:58:19
24,Configurable full-range productivity,2024-05-15,09:03:46,06:29:02
7,Right-sized discrete database,2024-04-24,09:52:34,03:48:16
34,Assimilated solution-oriented open architecture,2024-06-25,18:51:08,23:14:05
47,Ergonomic homogeneous intranet,2024-07-02,21:12:22,15:30:17
77,Business-focused clear-thinking info-mediaries,2024-04-01,15:45:56,16:51:22
80,Profit-focused dedicated structure,2024-04-07,06:20:27,21:44:43
33,Re-contextualized stable utilization,2024-04-30,15:59:39,13:12:55
46,Multi-layered neutral process improvement,2024-01-09,18:45:37,02:33:18
30,Up-sized optimizing database,2024-04-15,17:23:14,15:03:54
59,Digitized executive budgetary management,2024-04-10,08:26:49,12:32:44
66,Horizontal scalable portal,2024-01-05,18:27:29,20:05:58
54,Virtual optimal hardware,2024-03-16,10:05:52,22:48:40
96,Seamless exuding project,2024-07-09,19:58:47,17:41:02
1,Cloned 4thgeneration concept,2024-06-15,10:22:16,03:53:29
25,Stand-alone bifurcated time-frame,2024-08-24,23:05:38,01:43:06
8,Organized 24/7 data-warehouse,2024-05-09,18:54:31,14:01:51
94,Sharable national help-desk,2024-01-02,18:42:36,00:58:18
62,Profound even-keeled moderator,2024-02-08,22:10:41,07:02:31
96,Organic coherent contingency,2024-05-29,21:19:17,06:37:31
55,User-friendly multimedia array,2024-01-31,21:41:05,01:04:36
72,Synergistic impactful moderator,2024-01-03,13:58:37,22:37:46
29,Fully-configurable 6thgeneration framework,2024-03-01,12:59:30,09:17:02
84,Realigned background open system,2024-05-26,12:42:47,11:54:56
28,Total non-volatile orchestration,2024-01-11,19:57:38,07:03:29
76,Down-sized dynamic methodology,2024-06-19,07:44:14,01:26:45
23,Self-enabling didactic artificial intelligence,2024-01-07,11:11:08,05:40:38
9,Ergonomic analyzing challenge,2024-07-10,15:50:05,18:00:59
66,Secured coherent conglomeration,2024-05-06,20:03:58,13:37:47
69,Synergized national projection,2024-08-28,14:10:59,19:56:07
2,Phased scalable emulation,2024-01-29,07:33:56,07:09:51
48,Assimilated 3rdgeneration conglomeration,2024-01-09,01:23:05,16:20:47
66,Secured mobile implementation,2024-04-03,04:35:08,06:04:19
28,Optimized 5thgeneration help-desk,2024-06-21,19:47:01,10:10:39
60,Proactive executive open system,2024-04-05,11:07:48,03:54:02
1,Virtual well-modulated matrix,2024-08-25,00:48:45,17:23:03
44,Balanced fresh-thinking firmware,2024-05-22,22:51:28,07:31:55
12,User-centric directional application,2024-04-13,13:24:00,18:42:02
99,Polarized intermediate access,2024-08-12,22:33:57,21:28:51
83,Balanced heuristic archive,2024-03-14,01:57:46,04:20:19
43,Stand-alone intermediate forecast,2024-06-02,07:13:07,14:19:51
96,Distributed encompassing matrix,2024-02-08,05:39:06,04:07:31
73,Reduced zero administration groupware,2024-01-01,05:59:55,17:55:45
9,Enterprise-wide modular strategy,2024-07-02,04:58:14,18:57:54
35,Networked mobile leverage,2024-06-28,14:24:04,17:12:45
43,Cross-platform optimizing info-mediaries,2024-04-08,00:45:44,00:48:37
29,Profit-focused tertiary time-frame,2024-03-03,19:33:19,16:11:18
32,Multi-channeled uniform utilization,2024-05-24,18:07:58,05:23:40
7,Ameliorated user-facing workforce,2024-07-13,23:30:26,05:03:03
21,Secured fresh-thinking interface,2024-03-20,03:09:35,13:03:24
67,Profit-focused foreground core,2024-03-14,03:01:26,13:50:27
96,Assimilated non-volatile archive,2024-05-17,14:11:43,02:00:17
65,Multi-channeled tertiary capability,2024-07-09,10:51:20,17:29:24
31,Upgradable impactful conglomeration,2024-06-02,16:59:10,07:39:55
7,Organized eco-centric protocol,2024-05-11,09:20:38,19:50:21
65,Cross-group contextually-based infrastructure,2024-03-01,11:43:05,11:55:32
18,Mandatory bi-directional implementation,2024-04-08,08:07:59,22:34:12
18,Polarized web-enabled benchmark,2024-05-30,21:55:36,16:49:43
37,Exclusive background policy,2024-02-04,00:56:34,20:20:56
87,Reduced fresh-thinking access,2024-05-05,18:28:35,03:15:34
62,Automated modular initiative,2024-03-23,07:09:03,12:42:43
85,Innovative even-keeled ability,2024-08-15,19:13:31,15:28:39
74,Multi-channeled content-based concept,2024-01-15,22:37:16,23:01:40
76,Customer-focused well-modulated matrices,2024-03-14,07:02:23,15:21:06
90,Open-architected bi-directional definition,2024-06-04,05:24:39,08:21:13
16,Vision-oriented exuding leverage,2024-03-23,06:38:26,07:25:17
56,Expanded coherent time-frame,2024-08-24,21:40:37,00:44:16
56,Configurable logistical info-mediaries,2024-05-31,21:52:13,23:23:45
62,Vision-oriented zero-defect archive,2024-01-21,09:29:06,01:03:28
17,Phased dynamic extranet,2024-08-14,10:59:27,06:52:15
86,Public-key foreground customer loyalty,2024-01-21,12:45:49,02:13:16
43,Advanced grid-enabled Graphic Interface,2024-01-22,14:17:16,14:22:43
10,Balanced contextually-based intranet,2024-04-27,22:16:40,10:29:39
82,Realigned transitional hardware,2024-08-24,09:18:09,22:22:08
3,Optimized holistic capacity,2024-03-13,01:23:28,15:24:25
42,Quality-focused bottom-line process improvement,2024-04-03,19:25:58,20:03:56
48,Synergized tertiary neural-net,2024-05-03,10:07:55,17:45:57
95,Up-sized discrete knowledge user,2024-02-01,13:31:51,20:40:31
36,User-friendly 4thgeneration open system,2024-05-20,14:13:17,08:21:33
22,Grass-roots logistical website,2024-03-02,22:38:51,11:12:26
53,Triple-buffered object-oriented hierarchy,2024-05-03,10:30:41,00:36:20
62,Quality-focused neutral model,2024-04-05,23:13:00,13:57:13
15,Assimilated value-added database,2024-01-15,03:54:55,19:26:04
37,Up-sized human-resource database,2024-07-18,03:53:18,17:06:15
68,Focused solution-oriented array,2024-09-08,22:23:08,06:46:50
78,Intuitive solution-oriented Graphical User Interface,2024-08-12,11:03:29,16:27:42
66,Digitized bifurcated groupware,2024-03-18,08:33:46,17:37:21
35,Optimized bandwidth-monitored instruction set,2024-07-29,14:41:59,11:58:46
91,Robust eco-centric info-mediaries,2024-03-19,05:39:17,10:30:27
95,Robust national superstructure,2024-07-13,19:41:19,23:45:35
20,Open-architected contextually-based array,2024-04-12,03:50:42,20:40:39
71,Reduced responsive architecture,2024-04-26,14:20:51,15:09:27
63,Enterprise-wide zero-defect initiative,2024-01-21,11:46:45,11:10:55
31,Multi-tiered transitional infrastructure,2024-03-30,10:38:05,17:44:28
66,Business-focused 3rdgeneration task-force,2024-02-15,02:38:38,12:17:04
35,Multi-layered solution-oriented analyzer,2024-02-13,18:27:17,23:54:32
79,Horizontal dedicated system engine,2024-01-25,22:52:15,15:55:02
8,Multi-channeled object-oriented capability,2024-07-15,10:13:24,02:45:11
83,Profound stable firmware,2024-01-23,23:51:34,13:46:55
19,Open-source high-level website,2024-04-10,01:27:26,04:25:27
55,Multi-channeled object-oriented adapter,2024-06-28,00:48:34,05:17:56
18,Right-sized discrete complexity,2024-06-14,03:06:00,19:32:50
10,Intuitive background knowledge user,2024-06-14,13:22:24,22:53:42
79,Robust 5thgeneration benchmark,2024-06-17,00:50:17,12:59:22
24,Reverse-engineered explicit Graphic Interface,2024-01-18,03:48:08,20:21:49
74,Networked maximized artificial intelligence,2024-07-27,03:02:18,12:17:38
8,Future-proofed cohesive challenge,2024-01-18,18:27:28,14:43:05
71,Multi-layered multi-tasking implementation,2024-04-12,05:10:32,06:39:24
90,Managed scalable open system,2024-02-26,20:55:13,10:32:49
45,Proactive full-range infrastructure,2024-04-11,20:49:09,12:26:15
82,User-friendly even-keeled alliance,2024-08-17,06:57:34,11:32:12
70,Horizontal high-level project,2024-02-05,07:18:13,18:21:02
56,Function-based optimal matrices,2024-09-07,20:49:40,10:31:17
60,Synergized transitional firmware,2024-01-21,20:52:35,18:48:35
14,Streamlined stable Internet solution,2024-08-17,16:47:59,06:08:55
53,Grass-roots clear-thinking help-desk,2024-05-23,12:09:58,12:04:33
93,Public-key systematic open system,2024-05-19,22:18:46,09:55:27
34,Stand-alone demand-driven time-frame,2024-02-29,09:18:26,14:14:35
11,Reactive optimizing pricing structure,2024-02-22,23:42:10,17:10:45
89,Synergized empowering installation,2024-07-25,21:19:26,14:48:42
37,Versatile methodical secured line,2024-08-03,20:08:26,05:03:57
64,Switchable modular capacity,2024-02-29,13:48:37,03:46:41
58,Distributed encompassing knowledge user,2024-02-24,13:12:01,03:33:03
24,Optimized 24hour access,2024-04-11,13:25:39,07:59:41
47,Robust demand-driven interface,2024-05-28,23:19:41,18:07:33
41,Horizontal optimal model,2024-06-04,13:23:30,11:47:13
62,Optimized stable archive,2024-02-24,20:27:57,21:14:27
82,Visionary disintermediate matrices,2024-07-28,18:26:42,19:27:38
18,Robust content-based project,2024-09-03,00:33:44,20:16:34
34,Re-contextualized impactful conglomeration,2024-02-02,23:27:48,05:14:15
78,Cloned secondary utilization,2024-08-20,08:13:51,13:02:45
31,Future-proofed zero administration algorithm,2024-08-08,01:24:38,05:32:31
5,Progressive hybrid pricing structure,2024-08-15,19:47:11,12:15:02
9,Robust zero administration support,2024-02-17,02:28:15,14:08:12
93,Distributed 6thgeneration extranet,2024-07-12,05:10:38,18:03:31
32,Optional contextually-based time-frame,2024-08-17,10:47:51,01:07:22
77,Centralized bifurcated service-desk,2024-01-26,08:32:55,17:13:20
85,Profit-focused fresh-thinking parallelism,2024-08-04,11:10:14,14:24:55
67,Intuitive value-added interface,2024-08-28,08:14:29,17:57:04
20,Ergonomic discrete knowledgebase,2024-04-14,19:22:26,04:45:51
75,Inverse user-facing circuit,2024-06-25,03:00:22,11:47:06
85,Function-based discrete monitoring,2024-03-26,13:44:37,12:54:46
46,Reverse-engineered modular product,2024-02-09,14:17:31,07:43:02
74,Sharable hybrid implementation,2024-06-28,09:37:39,02:54:30
13,Pre-emptive next generation open system,2024-08-11,10:46:53,05:23:58
99,Fundamental foreground parallelism,2024-05-03,19:07:39,04:23:09
51,Innovative radical hardware,2024-05-09,06:19:24,19:00:12
1,De-engineered composite success,2024-07-11,22:02:17,02:53:58
43,Focused contextually-based capability,2024-02-28,08:16:26,21:32:10
31,Digitized composite product,2024-06-02,22:37:50,23:56:01
42,Digitized local artificial intelligence,2024-03-15,10:39:15,17:12:37
49,Enterprise-wide solution-oriented encryption,2024-07-31,18:59:51,22:40:51
97,Progressive multi-tasking Local Area Network,2024-04-05,21:24:15,07:32:34
29,User-centric discrete interface,2024-05-13,04:37:27,00:08:19
79,Virtual leadingedge groupware,2024-04-28,23:24:05,05:11:05
2,Front-line well-modulated extranet,2024-05-18,19:30:27,12:33:40
7,Virtual optimizing time-frame,2024-01-08,16:04:17,05:28:13
24,Horizontal didactic function,2024-04-04,05:00:23,03:43:15
45,Front-line hybrid orchestration,2024-01-17,07:43:15,02:36:22
64,Virtual composite moderator,2024-08-18,20:49:36,18:41:53
100,Mandatory 5thgeneration help-desk,2024-05-25,10:17:20,03:18:06
59,Enhanced encompassing core,2024-01-10,03:40:52,05:21:54
46,Extended systemic frame,2024-05-19,19:26:27,14:45:00
96,Business-focused real-time interface,2024-03-24,06:03:07,23:03:28
26,Expanded non-volatile hierarchy,2024-03-08,21:11:59,17:55:53
70,Open-source national attitude,2024-01-14,05:37:02,16:20:11
90,Enterprise-wide tangible extranet,2024-06-22,16:46:31,05:09:37
53,Cross-platform cohesive emulation,2024-06-12,07:39:40,14:39:46
11,Realigned dedicated architecture,2024-08-13,17:23:50,05:44:43
29,Operative human-resource approach,2024-05-26,12:19:10,15:52:15
63,Distributed next generation infrastructure,2024-03-06,18:48:03,14:21:07
18,Advanced maximized firmware,2024-01-25,01:06:39,08:43:51
82,Decentralized multimedia superstructure,2024-01-11,11:23:20,08:53:10
45,Upgradable real-time forecast,2024-05-17,23:40:57,16:55:31
76,Polarized actuating orchestration,2024-07-16,17:16:28,07:12:33
61,Persevering interactive artificial intelligence,2024-08-31,05:02:17,00:35:21
35,Multi-layered transitional groupware,2024-04-25,04:13:32,08:18:27
48,Virtual empowering alliance,2024-02-13,18:24:08,09:28:02
36,Exclusive high-level process improvement,2024-04-20,04:09:59,00:02:25
90,Multi-lateral optimal projection,2024-07-20,00:01:37,21:33:26
74,User-friendly foreground challenge,2024-09-01,14:08:21,00:39:20
6,Face-to-face local infrastructure,2024-05-23,09:39:22,01:27:04
7,Secured attitude-oriented interface,2024-03-11,00:45:58,22:11:06
52,Multi-layered client-server approach,2024-03-17,08:15:16,11:56:04
37,Virtual cohesive neural-net,2024-07-01,19:56:41,13:26:28
27,User-friendly intangible task-force,2024-03-30,16:24:14,05:13:50
39,Object-based impactful neural-net,2024-03-25,05:45:13,20:54:51
54,Self-enabling background model,2024-08-13,08:52:55,23:33:44
57,Operative grid-enabled matrix,2024-05-31,05:23:30,16:52:17
82,Compatible explicit installation,2024-08-30,07:55:28,14:45:55
51,Visionary 4thgeneration projection,2024-02-29,15:19:26,00:14:05
11,Quality-focused cohesive complexity,2024-03-05,09:53:55,07:52:22
78,Multi-lateral asynchronous paradigm,2024-07-15,20:50:42,14:42:49
24,Distributed multi-state utilization,2024-06-28,00:03:58,16:52:10
77,Upgradable real-time archive,2024-04-13,11:30:05,11:20:44
84,Horizontal holistic benchmark,2024-02-06,09:49:20,04:52:50
17,Secured dynamic emulation,2024-03-09,16:25:23,23:42:24
3,Horizontal mission-critical projection,2024-01-03,22:52:01,17:56:42
77,Synergized client-server time-frame,2024-04-24,02:21:47,12:57:52
43,Expanded neutral open system,2024-01-17,07:47:50,01:39:04
29,Seamless secondary workforce,2024-07-18,11:19:35,19:07:16
25,Polarized contextually-based solution,2024-03-11,06:08:00,00:41:19
100,Programmable background projection,2024-05-22,00:22:14,20:27:40
81,Synergistic intermediate structure,2024-06-07,10:02:26,16:16:07
42,Ameliorated reciprocal synergy,2024-05-07,04:12:47,11:14:39
84,Compatible 5thgeneration initiative,2024-07-17,11:52:27,16:03:32
8,Multi-layered human-resource budgetary management,2024-01-12,12:44:55,18:17:41
39,Integrated explicit definition,2024-03-17,13:30:57,05:48:03
52,Exclusive directional customer loyalty,2024-06-07,22:04:53,08:31:05
90,Down-sized object-oriented circuit,2024-02-16,13:54:47,16:52:09
59,Switchable next generation implementation,2024-06-22,11:22:45,02:07:17
61,Extended background strategy,2024-02-09,05:23:21,19:41:48
90,Business-focused eco-centric task-force,2024-06-12,15:12:44,17:45:05
99,Customer-focused radical leverage,2024-06-18,04:53:13,14:26:59
69,Monitored optimizing data-warehouse,2024-08-11,02:46:43,10:09:58
58,Organic dynamic encoding,2024-05-20,03:47:32,07:11:40
77,Cloned 3rdgeneration projection,2024-04-10,17:14:55,04:38:08
82,Enterprise-wide bifurcated algorithm,2024-03-01,05:13:49,15:49:54
16,Mandatory eco-centric infrastructure,2024-06-03,10:33:43,01:35:20
65,Object-based even-keeled frame,2024-05-12,03:05:13,11:44:37
93,Customizable dedicated success,2024-03-01,03:40:10,07:22:23
55,Future-proofed object-oriented info-mediaries,2024-04-12,13:16:41,22:46:37
74,Intuitive intermediate groupware,2024-06-12,03:54:46,06:19:19
49,Synchronized fresh-thinking solution,2024-02-21,10:34:19,09:10:49
22,Managed client-server knowledgebase,2024-03-24,05:37:25,03:29:30
44,Reactive scalable capability,2024-02-25,09:32:32,02:11:48
70,Public-key 6thgeneration website,2024-09-03,06:35:05,16:59:35
87,Down-sized holistic paradigm,2024-06-10,05:35:17,11:43:14
38,Function-based well-modulated focus group,2024-05-20,12:02:52,01:56:08
68,Visionary composite process improvement,2024-02-25,11:25:26,14:06:48
98,Right-sized background system engine,2024-07-20,00:22:12,15:17:58
88,Self-enabling optimal superstructure,2024-01-02,13:13:39,01:49:36
49,Virtual 4thgeneration time-frame,2024-04-19,20:12:27,08:20:17
92,Focused incremental moratorium,2024-07-29,22:26:29,22:08:35
1,Secured executive functionalities,2024-05-30,17:33:28,20:28:19
19,Organic national complexity,2024-03-07,02:27:26,03:48:34
63,Programmable logistical hardware,2024-07-11,05:27:05,13:05:09
93,Streamlined even-keeled product,2024-08-09,14:15:38,18:01:40
88,Vision-oriented zero-defect definition,2024-03-03,10:54:57,22:55:37
4,Self-enabling leadingedge matrix,2024-04-30,09:33:29,17:02:21
20,Total next generation interface,2024-02-21,03:13:16,21:26:30
87,Optional zero tolerance workforce,2024-02-10,21:01:12,22:41:40
42,Triple-buffered optimizing interface,2024-08-23,12:46:25,19:48:40
92,Ergonomic homogeneous hierarchy,2024-03-20,20:29:58,00:41:19
10,Streamlined static moderator,2024-04-16,18:39:47,01:56:42
33,Re-engineered well-modulated website,2024-08-27,02:25:32,11:54:35
13,Total client-driven analyzer,2024-05-21,07:42:17,09:10:53
2,Open-architected optimizing encoding,2024-03-04,09:50:02,12:06:19
82,User-friendly 24/7 hub,2024-06-16,00:05:14,00:59:30
5,Self-enabling content-based superstructure,2024-01-03,04:52:15,04:04:13
41,Universal grid-enabled service-desk,2024-04-06,18:50:29,21:39:58
62,Total demand-driven infrastructure,2024-02-13,18:14:43,15:04:01
87,Programmable human-resource hub,2024-03-25,01:33:07,04:15:39
49,Polarized leadingedge policy,2024-02-01,02:22:56,16:30:43
100,Synergistic tertiary complexity,2024-02-26,07:40:20,09:11:31
58,Future-proofed analyzing challenge,2024-08-18,20:11:52,00:50:31
55,Stand-alone local encoding,2024-04-06,13:06:21,22:11:58
14,Digitized demand-driven ability,2024-06-26,14:29:47,16:17:53
34,Self-enabling 5thgeneration hardware,2024-05-13,22:47:24,09:36:36
48,Organized value-added system engine,2024-06-10,09:30:18,08:38:19
83,Managed 6thgeneration framework,2024-07-29,23:53:42,22:54:30
75,Enterprise-wide methodical Internet solution,2024-03-27,04:09:59,10:57:50
75,Triple-buffered regional policy,2024-06-26,20:42:12,20:15:09
37,Phased didactic focus group,2024-03-09,17:31:32,18:22:35
59,Versatile tangible knowledgebase,2024-02-14,06:28:02,12:33:42
14,User-friendly transitional complexity,2024-03-16,20:29:26,23:41:09
40,Right-sized client-server methodology,2024-03-24,23:23:48,17:29:49
73,Optional multimedia orchestration,2024-04-07,09:14:17,23:59:02
9,Persistent clear-thinking benchmark,2024-01-23,17:03:11,02:20:57
47,Pre-emptive composite functionalities,2024-06-11,19:14:39,13:51:40
21,Managed national monitoring,2024-07-18,11:57:54,00:00:37
7,Cloned global throughput,2024-06-28,04:36:05,19:31:45
30,Adaptive demand-driven architecture,2024-09-04,03:51:26,08:34:15
33,Multi-layered analyzing protocol,2024-02-13,15:25:16,09:08:21
36,Down-sized multi-tasking product,2024-08-11,04:08:45,03:56:33
59,Enhanced analyzing Internet solution,2024-04-27,19:39:44,14:55:11
60,De-engineered mission-critical data-warehouse,2024-08-21,09:23:23,02:40:11
15,Synergistic 5thgeneration help-desk,2024-06-19,20:59:31,03:03:41
20,Focused explicit implementation,2024-07-02,22:01:39,06:27:49
2,Universal impactful Internet solution,2024-03-18,10:09:48,11:07:17
35,Adaptive neutral database,2024-06-04,21:58:30,10:54:32
15,Team-oriented grid-enabled paradigm,2024-05-07,09:09:58,10:33:30
42,Down-sized context-sensitive protocol,2024-04-03,11:15:55,12:53:10
70,Operative web-enabled groupware,2024-04-14,19:24:45,08:57:52
27,Extended bottom-line hardware,2024-06-23,11:00:46,23:28:58
68,Secured heuristic frame,2024-03-11,02:09:45,22:00:22
27,Total intangible website,2024-07-06,21:27:48,01:36:16
93,Synergized object-oriented function,2024-07-04,23:40:37,21:57:43
21,Reactive well-modulated moratorium,2024-04-28,15:51:35,13:16:29
72,Quality-focused holistic installation,2024-08-19,19:14:03,20:30:37
11,Focused stable concept,2024-08-04,17:03:27,05:47:31
35,Monitored high-level structure,2024-08-20,05:46:36,17:06:50
84,Future-proofed real-time monitoring,2024-05-15,15:19:40,08:48:50
62,Open-architected local access,2024-07-03,12:00:18,19:43:13
88,Networked upward-trending monitoring,2024-08-24,06:00:15,14:01:18
48,Persistent zero tolerance monitoring,2024-05-20,05:39:32,03:34:51
84,Reduced leadingedge analyzer,2024-03-29,09:31:17,09:20:23
41,De-engineered zero tolerance collaboration,2024-02-27,18:29:13,04:03:52
79,Robust background system engine,2024-02-15,08:22:19,09:56:20
30,Enhanced contextually-based architecture,2024-01-19,07:03:51,07:06:21
1,Exclusive zero administration paradigm,2024-03-25,22:20:24,11:45:55
100,Synergized executive analyzer,2024-01-22,02:52:03,21:17:27
99,Future-proofed tangible architecture,2024-08-15,12:11:43,05:46:51
79,Public-key regional policy,2024-07-30,10:27:11,06:06:45
38,Reverse-engineered 4thgeneration Graphical User Interface,2024-05-11,21:09:52,13:19:16
20,Ameliorated 3rdgeneration flexibility,2024-02-28,22:04:00,22:33:03
58,Focused demand-driven synergy,2024-05-31,07:09:51,06:03:29
54,Fundamental tertiary methodology,2024-07-14,13:56:39,17:24:39
69,Automated responsive hierarchy,2024-04-19,20:57:41,15:47:53
16,Phased maximized budgetary management,2024-01-13,10:31:38,20:22:04
20,Pre-emptive dedicated throughput,2024-02-15,18:10:03,05:10:15
100,Secured context-sensitive service-desk,2024-07-24,19:57:12,04:20:51
99,Cloned human-resource approach,2024-06-19,12:42:51,11:50:02
100,Exclusive non-volatile migration,2024-08-27,17:33:20,21:09:31
60,Switchable tertiary policy,2024-08-30,21:22:41,13:39:17
17,Quality-focused multi-tasking algorithm,2024-06-11,22:53:28,11:47:48
41,Horizontal upward-trending open system,2024-03-17,13:24:07,03:09:56
24,Up-sized hybrid orchestration,2024-08-26,16:26:50,12:30:33
83,Cross-platform regional concept,2024-02-21,14:34:01,11:39:47
14,Innovative analyzing forecast,2024-02-11,17:29:22,13:38:47
30,Customizable multi-state moderator,2024-03-10,05:52:31,19:41:19
28,Intuitive upward-trending focus group,2024-03-11,20:00:54,05:30:05
21,Vision-oriented background hierarchy,2024-08-13,11:38:48,12:59:26
4,Enhanced value-added migration,2024-07-05,17:42:41,08:36:58
86,Virtual tangible Graphical User Interface,2024-05-16,17:32:46,14:29:31
9,Seamless exuding workforce,2024-02-09,14:45:02,03:42:25
30,Managed 24hour collaboration,2024-08-31,14:38:58,14:02:10
1,Polarized reciprocal projection,2024-01-19,04:50:46,02:15:30
8,Polarized user-facing time-frame,2024-02-23,03:25:13,22:30:58
44,Intuitive well-modulated throughput,2024-06-11,22:31:11,15:08:16
65,Horizontal uniform hierarchy,2024-06-13,02:28:24,00:40:02
15,Reactive bi-directional orchestration,2024-04-16,10:52:12,16:39:25
93,Distributed human-resource service-desk,2024-05-23,06:41:07,22:35:51
31,Operative asynchronous Graphical User Interface,2024-04-17,05:59:31,16:21:13
14,Customizable discrete software,2024-03-13,08:54:24,03:21:08
58,Implemented zero administration toolset,2024-01-03,10:43:20,01:21:13
57,Multi-tiered motivating project,2024-01-31,06:36:53,07:09:45
16,Multi-lateral holistic artificial intelligence,2024-06-13,21:38:12,02:20:05
2,Expanded tertiary customer loyalty,2024-04-06,05:48:09,03:38:27
26,Optional eco-centric hub,2024-04-11,02:24:43,00:38:26
36,Configurable 6thgeneration alliance,2024-08-11,10:09:24,20:49:33
81,Ergonomic 5thgeneration monitoring,2024-01-02,00:16:31,17:27:07
76,Mandatory 24/7 concept,2024-05-10,05:17:51,20:41:46
62,Configurable methodical Internet solution,2024-01-05,21:14:27,20:44:23
74,Persistent 3rdgeneration Graphical User Interface,2024-01-17,02:51:45,16:12:32
34,Polarized stable project,2024-01-14,08:09:52,18:41:13
34,Customer-focused high-level process improvement,2024-01-27,11:14:20,02:41:02
20,Optional transitional interface,2024-07-22,10:22:21,13:00:59
66,Customizable upward-trending collaboration,2024-03-02,11:56:54,03:58:37
68,Robust object-oriented throughput,2024-06-03,22:58:10,06:16:49
54,Switchable tangible forecast,2024-09-02,21:59:24,09:11:23
53,Profound well-modulated capability,2024-07-17,14:55:52,07:49:31
97,Future-proofed global Local Area Network,2024-01-31,13:00:40,03:27:27
31,Customer-focused intangible portal,2024-05-12,22:39:35,17:43:41
34,Fundamental intangible firmware,2024-07-20,21:07:57,18:12:50
54,Multi-channeled well-modulated success,2024-01-12,10:33:39,05:26:34
8,Exclusive 24/7 infrastructure,2024-06-10,07:37:57,17:05:26
35,Operative neutral analyzer,2024-02-16,12:16:24,13:06:17
88,Robust demand-driven success,2024-07-02,06:07:40,00:10:13
32,Switchable 24hour budgetary management,2024-09-05,21:22:27,12:50:58
22,Polarized directional conglomeration,2024-08-24,07:20:05,09:15:18
25,Focused encompassing focus group,2024-01-06,10:29:57,07:13:55
15,User-friendly 5thgeneration neural-net,2024-02-20,04:41:06,21:10:14
46,Implemented explicit architecture,2024-08-19,21:12:33,06:50:33
65,Cross-group encompassing focus group,2024-08-26,23:01:02,00:10:57
59,Synchronized zero tolerance task-force,2024-04-14,21:55:48,07:21:58
100,Switchable heuristic hub,2024-05-26,23:56:56,17:04:43
78,Reverse-engineered 6thgeneration data-warehouse,2024-02-08,12:48:32,09:22:18
83,Phased neutral protocol,2024-06-24,05:49:10,15:56:02
49,Reactive dynamic attitude,2024-05-08,10:24:43,16:18:23
85,Customizable bi-directional leverage,2024-06-09,03:28:39,12:25:11
10,Programmable systematic Graphic Interface,2024-08-09,23:22:27,08:51:03
10,Synergistic next generation info-mediaries,2024-06-17,11:32:17,00:53:36
35,Object-based value-added concept,2024-05-13,06:49:01,20:52:37
65,Up-sized object-oriented pricing structure,2024-06-07,08:50:08,13:45:08
66,Horizontal user-facing contingency,2024-03-16,01:00:51,12:53:35
30,Multi-layered real-time project,2024-09-07,15:34:41,16:57:42
24,Cross-platform demand-driven help-desk,2024-01-20,06:15:00,01:02:59
97,De-engineered bandwidth-monitored paradigm,2024-06-20,18:36:04,16:22:18
49,Operative human-resource capability,2024-08-20,00:27:47,02:10:25
31,Fully-configurable zero tolerance flexibility,2024-05-05,20:08:06,15:46:26
61,Robust 4thgeneration open architecture,2024-03-07,11:35:06,04:53:59
70,Universal homogeneous function,2024-07-25,04:58:29,23:09:09
49,Team-oriented user-facing interface,2024-03-23,02:57:49,13:32:03
52,De-engineered non-volatile synergy,2024-08-07,05:49:02,17:00:14
60,Focused human-resource throughput,2024-03-22,17:20:09,19:48:34
89,Up-sized multimedia monitoring,2024-05-04,13:19:17,18:51:53
72,Profit-focused 24/7 website,2024-01-24,21:56:25,02:06:00
66,Compatible even-keeled interface,2024-07-05,18:19:53,12:50:23
30,User-friendly stable hardware,2024-04-16,03:10:16,12:46:32
93,Fundamental real-time implementation,2024-07-13,12:24:03,04:07:58
7,Innovative static customer loyalty,2024-06-30,10:44:50,18:41:22
1,Cloned neutral Local Area Network,2024-03-25,10:47:19,20:50:48
57,Ergonomic maximized moratorium,2024-01-16,13:43:17,21:54:14
75,Re-contextualized homogeneous workforce,2024-05-01,22:15:09,10:30:57
61,Devolved secondary function,2024-05-19,14:07:09,17:29:01
68,Switchable solution-oriented hub,2024-08-27,20:50:39,08:39:09
59,Grass-roots zero administration process improvement,2024-02-02,09:07:50,05:36:05
1,Fully-configurable cohesive database,2024-05-14,21:01:02,18:42:33
75,Robust background product,2024-09-03,11:30:53,15:18:06
87,Future-proofed user-facing contingency,2024-06-22,16:04:27,08:59:37
86,Re-engineered hybrid access,2024-03-10,15:30:48,20:36:57
87,Cloned mission-critical approach,2024-04-01,23:02:05,01:42:06
7,Exclusive 6thgeneration database,2024-05-07,03:57:24,01:20:53
6,Public-key logistical algorithm,2024-05-05,21:57:07,04:55:16
39,Ergonomic upward-trending framework,2024-06-09,20:44:48,13:15:03
41,Operative radical focus group,2024-02-04,03:17:44,08:14:52
92,Exclusive homogeneous installation,2024-01-02,03:49:00,16:29:59
20,Managed zero tolerance monitoring,2024-09-01,22:32:56,20:10:34
81,Networked homogeneous moderator,2024-06-11,22:48:57,12:10:39
82,Vision-oriented discrete encryption,2024-08-04,02:33:41,21:27:27
42,Reverse-engineered neutral structure,2024-02-17,11:46:13,06:40:52
55,Team-oriented explicit model,2024-04-18,12:28:33,15:16:45
87,Right-sized bifurcated workforce,2024-08-06,21:17:32,20:44:07
71,Reactive content-based Local Area Network,2024-03-12,09:14:56,11:10:09
56,Upgradable tangible benchmark,2024-02-09,00:40:38,01:50:01
66,Secured bottom-line Local Area Network,2024-03-21,16:05:24,08:50:09
14,Cloned transitional structure,2024-02-09,22:29:50,21:15:35
84,Extended needs-based emulation,2024-02-20,11:41:18,13:24:46
16,Virtual bifurcated matrices,2024-02-21,15:38:36,01:46:25
46,Multi-layered upward-trending forecast,2024-01-25,06:01:12,23:45:36
59,Multi-tiered analyzing database,2024-01-06,17:24:28,03:48:30
57,Synergistic upward-trending secured line,2024-07-19,05:35:43,18:35:39
93,Expanded bandwidth-monitored architecture,2024-03-24,04:55:35,19:55:55
17,Configurable asymmetric open system,2024-03-23,06:53:20,21:42:49
96,Cross-group 24hour software,2024-06-29,01:17:43,22:25:50
59,Polarized asynchronous interface,2024-05-22,18:32:34,12:37:40
