name,genre,country
Kyle Webster,Christina Mathews,Cocos (Keeling) Islands
Thomas Ferguson,Brandon Green,Niue
Jason Flores,Heather Hutchinson,Denmark
Austin Nguyen,Cathy Cruz,Sri Lanka
Marilyn Alvarado,Tiffany Hicks,French Guiana
Nancy Moore,Lisa Turner DVM,Belgium
Megan Lewis,Derek Patterson,Moldova
Tyler Jackson,Theresa Valdez,Comoros
Casey Davis,Christina Chapman,Luxembourg
Ana Sanders,Eric Graves,Maldives
Jeffrey Stout,Cynthia Brown,Swaziland
Richard Wright,Pam Brown,Japan
Stacy Nunez,William Williams,Benin
James Cline,Donna Andrews,Cayman Islands
Christina Reed DVM,Tyler Camacho,Bosnia and Herzegovina
Ashley Christian,Travis Lee,Morocco
Andrea Davis,Christina Kelley,French Polynesia
Gary Wright,Elizabeth Carter MD,Antarctica (the territory South of 60 deg S)
Jeff Fuentes,Janice Moore,Netherlands
Chad Anderson,Gary Ferguson,Mexico
Jonathan Lopez Jr.,Brandy Scott,Guinea-Bissau
Randy Thompson,Christina Graham MD,Saint Martin
Deanna Hopkins,Rhonda Barrett,French Polynesia
Claudia Rodriguez,Angela Scott,North Macedonia
Kelsey Wilson,Ashley Lindsey MD,Pakistan
David Wolf,Joseph Baker,Thailand
Charlene Williamson,Howard Frye,Uruguay
Amber Smith,Adam Jones,Latvia
Jennifer Tate,Kimberly Murphy,Pakistan
Julie Anderson,Elizabeth Fuentes,Hong Kong
Nancy Mason,Lawrence Young,Angola
Nancy Campbell,Charles Davis,Nigeria
Elizabeth Jenkins,Chad Owens,Bosnia and Herzegovina
David Pena,Ryan Wallace,Saint Helena
Mark Jackson,Sheena Herring,Macao
Charles Ford,Danielle Williamson,Montserrat
Wendy Thompson,Randall Camacho,Senegal
Kari Robinson,Mr. Robert Banks,United States of America
Sharon Fowler,Jennifer Williamson,Cocos (Keeling) Islands
Robert Rice,Jennifer Mercer,Bahamas
Antonio Gardner,Vanessa Jefferson,Libyan Arab Jamahiriya
Stacey Smith,Taylor Kennedy,Andorra
Megan Russell,Michael Sloan,Slovakia (Slovak Republic)
Taylor Wise,Tara Bowen,Madagascar
Edward Nielsen,Brent Cruz,Norway
Christopher Curry,Cesar Kramer,Ethiopia
Jennifer Williams,Kelli Morales,Paraguay
William Collins,Leslie Luna,Cayman Islands
Amber Burke,Eric Dunn,Tanzania
Mary Anderson,Kathy Price,Lao People's Democratic Republic
Carlos Romero,Jon Coleman,Syrian Arab Republic
Hunter Anderson,Gabriel Morales,Central African Republic
Katie Vazquez,Robert Smith,Macao
Kara Owen,Barbara Koch DVM,Mayotte
Heather Johnson,William Thompson,Panama
Jeffery Roberts,Nicholas May,Uruguay
Gloria Jones,Scott Smith,Suriname
Chelsea Mcbride,Carrie Fleming,Somalia
Michael Perez,Bruce Smith,Tonga
Alyssa Hebert,Angela Dean,Samoa
Hannah Pitts,Amber Frazier,Ukraine
Maurice Weaver,Melissa Robinson,New Caledonia
Jeremy Johnson,Beth Jefferson,Bhutan
Jamie Owens,Mr. Adam Russell,Guam
Holly Rodriguez,Jennifer Gamble,Guadeloupe
Lori Sanchez,Rachael Wilson,Saint Vincent and the Grenadines
Kathleen Salinas,Samuel Mcknight,Gibraltar
Carl Simmons,Gabriel Mullen,Madagascar
Steven Torres,Joseph Browning,Bouvet Island (Bouvetoya)
Bonnie Gonzalez,John Ayala,Benin
Robert Hopkins,Jason Stout,Cyprus
Michael Price,Brittney White,Colombia
Ryan Beltran,Natalie Evans,Greenland
Brittany Brooks,Ashley Lopez,French Polynesia
Michael Howard,Rachel Brady,Norfolk Island
Gabriel Butler,Jason Jones,Comoros
Richard Wiley,Dustin Bentley,Iran
Stacy Brooks,Lynn Morton,Botswana
Blake Edwards,Lydia Miles,Taiwan
Lucas Hendricks DDS,Don Peters,San Marino
Brittney Mason,Elizabeth Morales,Turkmenistan
James Curry,Dr. Heather Foster,Dominican Republic
Lisa Ortiz,Austin Collins,Libyan Arab Jamahiriya
Mario Malone,Rachel Hughes,Croatia
Emily Williams,Jesse Hansen,Belarus
David Park,Bruce Maxwell,Uganda
Adriana Davis,Ronald Soto,Macao
Louis Adams,Maria Faulkner,Bahrain
Megan Rose,Mark Obrien,Macao
Pamela Knight,William Ray,Pakistan
Matthew Garcia,Bethany Anderson,South Africa
Dr. Joseph Hayes,Daniel Martin,United States Minor Outlying Islands
Traci Daniels,Morgan Olson,Sweden
Kristy Perez,Scott Murray,Mayotte
Amy Gordon,Samuel Kelly,Mauritania
Justin Conner,Samantha Hernandez,Turkey
Shane Smith,Melanie Sharp,Liechtenstein
Jessica Silva,Michael Luna,Ireland
Nicole Sharp,Manuel Porter MD,Bahamas
Alicia Roberts,Jose Mason,Antigua and Barbuda
Molly Cline,Jeremy Key,Guatemala
Richard Gomez,Lisa Cox,Northern Mariana Islands
Bradley Walsh,Stephen Golden,Ethiopia
Sherry Brown,Sara Pugh,Bermuda
Lynn Brock,Gary Dawson,Syrian Arab Republic
Rachel Porter,Kathryn Johnson,Dominican Republic
Amber Castaneda,Joshua Henderson,Guadeloupe
Sonia Allen,Dominique Anderson,Afghanistan
Charles Mckenzie,Katherine Obrien,Mayotte
Christian Bartlett,Teresa Young,Senegal
Cynthia Gibbs,Christopher Cox,Samoa
Mrs. Jane Wilson,Mary Jones,Somalia
Kyle Wilson,Kenneth Phillips,New Caledonia
Casey Pratt,Joshua Smith,Maldives
Nicole Cook,John Carr DVM,Puerto Rico
Ryan Wallace DVM,Duane Davenport,Andorra
Kristin Taylor,Jennifer Schmidt,Bulgaria
Michael Lewis,Rebecca Buckley,Honduras
Stacy Mejia,Ryan Wood,Sri Lanka
Marilyn Castillo,Crystal Leonard,Armenia
Terry Hopkins,Robert Hardin,Kazakhstan
Richard Taylor,Brittany Young,Dominica
Sarah Harrington,Karen Anderson,Kuwait
Jack Johnson,Cassandra Simpson,Hungary
Mr. Brandon Townsend MD,Jennifer Martin,Guatemala
Daniel Martin,Maria Frederick,Finland
Andrea Fuller,Michael Harris,Luxembourg
Christina Johnson,Patricia Peters,Austria
Andrew Orr,James Williamson,South Georgia and the South Sandwich Islands
Brenda Davis MD,Megan Rivera,American Samoa
John Mclean,Daniel Robinson,China
Stephanie Miles,James George,Bulgaria
Daniel Wood,Lauren Li,Myanmar
Lacey Andrade,Warren Barber,Liberia
Cody Odom,Bob Davis,Rwanda
Alec Hill,Christina Bartlett,Saint Lucia
Melanie Evans,William Graves,Lebanon
John Harrington,Edward Christian,Wallis and Futuna
Glenn Rivera,Kyle Randolph,Guinea
Chris Rubio,Gabrielle Jensen,Pakistan
James Shelton,Philip Hill,Brunei Darussalam
Ashley Rivera,Katrina Harding,Liechtenstein
Steve Rodriguez,Katie Jimenez,Morocco
Olivia Pugh,Mark Johnson,Bahrain
Lori Ballard,Melissa Taylor,Gibraltar
Jason Turner,Vicki Jones,Rwanda
Rachel Hall,Lisa Ochoa,Nauru
Micheal Gonzalez,Jermaine Medina,Ireland
Cheryl Dickerson,Jonathan Edwards,Niue
Tracie Johnson,Tyler Cross,Guadeloupe
Cameron Jones,Cassandra Smith,Saudi Arabia
Harold Garcia,Stephanie Wolfe,Guinea
Joshua Pierce,Jonathan Cole,Bermuda
Tina Mercado,Michele Evans,Saint Lucia
Taylor Galloway,Darrell Brown,Vietnam
Jesus Gates,Victor Martinez,British Indian Ocean Territory (Chagos Archipelago)
Ruth Burnett,Chelsea Vasquez,Guyana
Stephen Soto,Robert Pacheco,Benin
Barbara Harvey,Charles Stewart,Niger
Tracy Jenkins,Stephen Evans,Pakistan
James Peterson,Thomas Gonzales,Haiti
Nathan Santos,Candice Garcia,United States Minor Outlying Islands
Janice Brown,Brian Ryan MD,Mongolia
Tommy Campbell,Michael Smith,Nicaragua
Robyn Arnold,Diana Brown,United States Virgin Islands
James Hamilton,Janice James,Portugal
Ashley Carter MD,April Parker,Sweden
Spencer Mcintyre,Juan Dennis,Antigua and Barbuda
Sandra Foster,David Crawford,San Marino
Michelle Lewis,Maria Bennett,Chad
Gerald Miller,Stephen Bray,Qatar
Jordan Simmons,Timothy Jones,Estonia
Anne Jones,Caroline Henry,Poland
Joshua Keith,Clinton Taylor,Nigeria
Ana Perkins,Amy Tucker,Palau
Katelyn Robertson,Ronald Barnett,Sudan
Sean Christian,Patrick Aguirre,Pakistan
Michael Gonzalez,Amy Gomez,Nauru
Joy Miller,Calvin Perez,Dominican Republic
Isaac Moore,Lisa Lozano,Gambia
Emily Ramirez,Ronnie Potter,Dominica
Michael Nelson,Lynn Taylor,Cyprus
Dave Marshall,Mark Stevens,Armenia
Christian Gay,Matthew Gomez,Paraguay
Timothy Santos,Eric Dean,Turks and Caicos Islands
Rickey Banks,Bridget Li,Turkey
Karen Mckinney,Jose Garcia,Saudi Arabia
Ryan Smith,Patrick Garner,Romania
Adam Smith,Elizabeth Reynolds,Timor-Leste
Cynthia Byrd,Mark Marquez,New Zealand
Jason Lee,Mary Williams,Sweden
Amanda Ramos,Mr. Trevor Koch,India
Briana Clark,Alexander Valdez,Northern Mariana Islands
Ray Hughes,Kevin Kelley,Thailand
Victoria Moore,Kathleen Stevens,Vietnam
David Perez,Kristen Williams,Czech Republic
Karen Watson,Tina Lee,Burundi
Tiffany Wright,Donald Rodriguez,Portugal
Amber Mcpherson,Valerie Robinson,Netherlands
Makayla Reynolds,Jason Summers,San Marino
Julie Chen,Bryan James,Kenya
Mitchell Griffin,Kenneth Tate,Denmark
Brett Galloway,Charles Anthony,Sierra Leone
Keith Howell,Austin Gonzalez,Iceland
Paul Baker,Brian Lee,French Southern Territories
Mark Reyes,Melissa Adams,Italy
Regina Adams,Sierra Haley,New Zealand
Vincent Mcdowell,Christian Gutierrez,Mongolia
Lisa Green,Brianna Wilcox,Samoa
Jasmine Espinoza,Richard Price,Senegal
Mr. Steven Davis,Timothy Williams,Montserrat
Dalton Joseph,Danielle Hernandez,Kazakhstan
Kim Morrison,Glenda Miller,El Salvador
Melanie Wagner,Glenn Walker,Panama
Ann Thompson,Lori Wright,Montserrat
Tracie Aguirre,Nicholas Hendricks,Gabon
Andrew Schneider,Zachary Barrett,Senegal
Wendy Kelley,Bethany Davis,Egypt
Robert Burns,Chelsea Hendricks,France
Robert Brown,Jessica Mclaughlin,Denmark
Lindsey Aguirre,Paul Fischer,Austria
Frances Brown,Sarah Moore,Maldives
Jacob Luna,Gina Wright,Bahrain
Carlos Smith,Janice Davis,Estonia
Harold Walton Jr.,Kelsey Reed,Costa Rica
Mrs. Anna Smith,Jennifer Garcia,Moldova
Katherine Wong,Ashley Jones,Ireland
Kathryn Baker,Christine Miller,Barbados
Caitlin Dennis,Phillip Lawrence,Argentina
Emily Campbell,Megan Hernandez,Solomon Islands
Peter Sherman,Lorraine Morris,Cambodia
Sarah Jenkins,Amy Little,Palau
Renee Stevens,Christopher Vazquez,Mauritania
Anthony Thornton,Lauren Kane,Panama
Andrew Henderson,Amy Thomas,Iran
Peter Christensen,John Day,Pakistan
Jennifer Warner,Carrie Phillips,Tanzania
Jennifer Mclean,Ashley Brooks,Ghana
James Dennis,Jennifer Ingram,Iran
Sandra Valdez,Michael Howard,Paraguay
Kimberly Peterson,Amanda Martinez,Panama
Emily King,Barbara Marshall,Liechtenstein
Dr. Shelley Adams,Mr. Todd Farley Jr.,Poland
Dalton Moore,James Pratt,Portugal
Russell Gilbert,Alfred Schmidt,Ukraine
Claire Stone,Cynthia Dunlap,Bosnia and Herzegovina
Leah Ford,James Weber,Benin
Dr. Erik Wilson,Caleb Martin,Luxembourg
Emily Atkins,Trevor Hickman,Maldives
Andrew Adams,Melinda White,Heard Island and McDonald Islands
Gregory Holt,Martin Norris,Saint Martin
Bailey Price,Donna Nelson,Armenia
Calvin Adams,Austin Hubbard,New Zealand
Karen Mendez,Steven Little,Czech Republic
Jacqueline Taylor,Diamond Warren,Georgia
Johnathan Reynolds,Terry Russell,Heard Island and McDonald Islands
Brandi Ford,Lindsay Lloyd,Antarctica (the territory South of 60 deg S)
Stephanie Powell,Kristen Whitehead,Fiji
Linda Galloway,Timothy Meyer,Zimbabwe
Derek Ford,David Johnson,Morocco
Clarence Moore,Lauren Cortez,Sri Lanka
Lisa Carson,Chad Howard,Uganda
Cassandra Butler,Andrea Garcia,Ghana
Christopher Nicholson,Casey Porter,Holy See (Vatican City State)
Robert Bailey,Rebekah Walker,Antarctica (the territory South of 60 deg S)
Morgan Sanchez,Kelly Clarke,Mali
Richard Perkins,Brandon Bender,Colombia
Ebony Williams,Amanda Thompson,Cuba
Julian Bean,James Miller,Gabon
Diane Shepherd,Richard Lawrence,Seychelles
Marcus Jenkins,Jessica Schmitt,India
Amy Elliott,Richard Shepherd,Cote d'Ivoire
Diane Boyer,Sarah Rodriguez,Central African Republic
Jason Johnson,Joseph Edwards,Congo
David Lopez,Jenny Levy,France
Jenna Stanley,Ricardo Rogers,United States Virgin Islands
Michael Calderon,Benjamin Crawford,Sierra Leone
Mary Thomas,Michelle Cook,El Salvador
David Brown,Larry Weeks,Marshall Islands
Dennis Davis,Michael Kelly,Slovakia (Slovak Republic)
Scott Jimenez,Regina Alexander,Botswana
Angela Williams,Caitlin Hill,Cook Islands
Kevin Bryan,Chelsea Hodges DDS,Jersey
William Moreno,Sean Bryant,British Virgin Islands
John Marsh,Mallory Johns,Niue
Christopher Torres,Daniel West,Cyprus
Katie Marks,Matthew Walker,Myanmar
Nicholas Pollard,Katherine Gonzalez,Bulgaria
Richard Erickson,Samuel Smith,Denmark
Karla Smith,Robert Hernandez,Marshall Islands
Wayne Warner,Jared Macdonald,Jamaica
Gabriel Pruitt,Tyler Hopkins,United States Minor Outlying Islands
James Johnson,Kenneth Gonzalez,India
Mario Scott,Carmen Roth,Ghana
Travis Smith,Deborah Garcia,Tonga
Erin Bradshaw,Michael Schwartz,Saint Vincent and the Grenadines
Judy Barnett,Brandon Stanley,Georgia
April Smith,Michael Ramirez,Bahrain
Veronica Ortega,Jonathan Barr,Kuwait
Steven Hawkins,Jennifer Smith,Sri Lanka
